Stock_Symbol,Indices_List
PAYTM,"['NIFTY 100', 'NIFTY 200', 'NIFTY LARGEMIDCAP 250', 'NIFTY NEXT 50', 'NIFTY TOTAL MARKET', 'NIFTY500 MULTICAP 50:25:25']"
BANDHANBNK,"['NIFTY 100', 'NIFTY 200', 'NIFTY BANK', 'NIFTY LARGEMIDCAP 250', 'NIFTY NEXT 50', 'NIFTY PRIVATE BANK', 'NIFTY TOTAL MARKET', 'NIFTY500 MULTICAP 50:25:25']"
NYKAA,"['NIFTY 100', 'NIFTY 200', 'NIFTY LARGEMIDCAP 250', 'NIFTY NEXT 50', 'NIFTY TOTAL MARKET', 'NIFTY500 MULTICAP 50:25:25']"
BIOCON,"['NIFTY 100', 'NIFTY 200', 'NIFTY HEALTHCARE INDEX', 'NIFTY LARGEMIDCAP 250', 'NIFTY NEXT 50', 'NIFTY PHARMA', 'NIFTY TOTAL MARKET', 'NIFTY500 MULTICAP 50:25:25']"
HDFCLIFE,"['NIFTY 100', 'NIFTY 200', 'NIFTY 50', 'NIFTY FINANCIAL SERVICES 25/50', 'NIFTY FINANCIAL SERVICES', 'NIFTY LARGEMIDCAP 250', 'NIFTY TOTAL MARKET', 'NIFTY500 MULTICAP 50:25:25']"
TATAMOTORS,"['NIFTY 100', 'NIFTY 200', 'NIFTY 50', 'NIFTY AUTO', 'NIFTY LARGEMIDCAP 250', 'NIFTY TOTAL MARKET', 'NIFTY500 MULTICAP 50:25:25']"
MOTHERSON,"['NIFTY 100', 'NIFTY 200', 'NIFTY AUTO', 'NIFTY LARGEMIDCAP 250', 'NIFTY NEXT 50', 'NIFTY TOTAL MARKET', 'NIFTY500 MULTICAP 50:25:25']"
NAUKRI,"['NIFTY 100', 'NIFTY 200', 'NIFTY LARGEMIDCAP 250', 'NIFTY NEXT 50', 'NIFTY TOTAL MARKET', 'NIFTY500 MULTICAP 50:25:25']"
MPHASIS,"['NIFTY 100', 'NIFTY 200', 'NIFTY IT', 'NIFTY LARGEMIDCAP 250', 'NIFTY NEXT 50', 'NIFTY TOTAL MARKET', 'NIFTY500 MULTICAP 50:25:25']"
ACC,"['NIFTY 100', 'NIFTY 200', 'NIFTY LARGEMIDCAP 250', 'NIFTY NEXT 50', 'NIFTY TOTAL MARKET', 'NIFTY500 MULTICAP 50:25:25']"
VEDL,"['NIFTY 100', 'NIFTY 200', 'NIFTY LARGEMIDCAP 250', 'NIFTY METAL', 'NIFTY NEXT 50', 'NIFTY TOTAL MARKET', 'NIFTY500 MULTICAP 50:25:25']"
HDFCAMC,"['NIFTY 100', 'NIFTY 200', 'NIFTY FINANCIAL SERVICES 25/50', 'NIFTY FINANCIAL SERVICES', 'NIFTY LARGEMIDCAP 250', 'NIFTY NEXT 50', 'NIFTY TOTAL MARKET', 'NIFTY500 MULTICAP 50:25:25']"
IOC,"['NIFTY 100', 'NIFTY 200', 'NIFTY ENERGY', 'NIFTY LARGEMIDCAP 250', 'NIFTY NEXT 50', 'NIFTY OIL & GAS', 'NIFTY TOTAL MARKET', 'NIFTY500 MULTICAP 50:25:25']"
TATAPOWER,"['NIFTY 100', 'NIFTY 200', 'NIFTY ENERGY', 'NIFTY LARGEMIDCAP 250', 'NIFTY NEXT 50', 'NIFTY TOTAL MARKET', 'NIFTY500 MULTICAP 50:25:25']"
BOSCHLTD,"['NIFTY 100', 'NIFTY 200', 'NIFTY AUTO', 'NIFTY LARGEMIDCAP 250', 'NIFTY NEXT 50', 'NIFTY TOTAL MARKET', 'NIFTY500 MULTICAP 50:25:25']"
HEROMOTOCO,"['NIFTY 100', 'NIFTY 200', 'NIFTY 50', 'NIFTY AUTO', 'NIFTY LARGEMIDCAP 250', 'NIFTY TOTAL MARKET', 'NIFTY500 MULTICAP 50:25:25']"
COALINDIA,"['NIFTY 100', 'NIFTY 200', 'NIFTY 50', 'NIFTY LARGEMIDCAP 250', 'NIFTY TOTAL MARKET', 'NIFTY500 MULTICAP 50:25:25']"
RELIANCE,"['NIFTY 100', 'NIFTY 200', 'NIFTY 50', 'NIFTY ENERGY', 'NIFTY LARGEMIDCAP 250', 'NIFTY OIL & GAS', 'NIFTY TOTAL MARKET', 'NIFTY500 MULTICAP 50:25:25']"
TORNTPHARM,"['NIFTY 100', 'NIFTY 200', 'NIFTY HEALTHCARE INDEX', 'NIFTY LARGEMIDCAP 250', 'NIFTY NEXT 50', 'NIFTY PHARMA', 'NIFTY TOTAL MARKET', 'NIFTY500 MULTICAP 50:25:25']"
GAIL,"['NIFTY 100', 'NIFTY 200', 'NIFTY ENERGY', 'NIFTY LARGEMIDCAP 250', 'NIFTY NEXT 50', 'NIFTY OIL & GAS', 'NIFTY TOTAL MARKET', 'NIFTY500 MULTICAP 50:25:25']"
DIVISLAB,"['NIFTY 100', 'NIFTY 200', 'NIFTY 50', 'NIFTY HEALTHCARE INDEX', 'NIFTY LARGEMIDCAP 250', 'NIFTY PHARMA', 'NIFTY TOTAL MARKET', 'NIFTY500 MULTICAP 50:25:25']"
AMBUJACEM,"['NIFTY 100', 'NIFTY 200', 'NIFTY LARGEMIDCAP 250', 'NIFTY NEXT 50', 'NIFTY TOTAL MARKET', 'NIFTY500 MULTICAP 50:25:25']"
EICHERMOT,"['NIFTY 100', 'NIFTY 200', 'NIFTY 50', 'NIFTY AUTO', 'NIFTY LARGEMIDCAP 250', 'NIFTY TOTAL MARKET', 'NIFTY500 MULTICAP 50:25:25']"
WIPRO,"['NIFTY 100', 'NIFTY 200', 'NIFTY 50', 'NIFTY IT', 'NIFTY LARGEMIDCAP 250', 'NIFTY TOTAL MARKET', 'NIFTY500 MULTICAP 50:25:25']"
AXISBANK,"['NIFTY 100', 'NIFTY 200', 'NIFTY 50', 'NIFTY BANK', 'NIFTY FINANCIAL SERVICES 25/50', 'NIFTY FINANCIAL SERVICES', 'NIFTY LARGEMIDCAP 250', 'NIFTY PRIVATE BANK', 'NIFTY TOTAL MARKET', 'NIFTY500 MULTICAP 50:25:25']"
DLF,"['NIFTY 100', 'NIFTY 200', 'NIFTY LARGEMIDCAP 250', 'NIFTY NEXT 50', 'NIFTY REALTY', 'NIFTY TOTAL MARKET', 'NIFTY500 MULTICAP 50:25:25']"
CIPLA,"['NIFTY 100', 'NIFTY 200', 'NIFTY 50', 'NIFTY HEALTHCARE INDEX', 'NIFTY LARGEMIDCAP 250', 'NIFTY PHARMA', 'NIFTY TOTAL MARKET', 'NIFTY500 MULTICAP 50:25:25']"
TATASTEEL,"['NIFTY 100', 'NIFTY 200', 'NIFTY 50', 'NIFTY LARGEMIDCAP 250', 'NIFTY METAL', 'NIFTY TOTAL MARKET', 'NIFTY500 MULTICAP 50:25:25']"
INDUSTOWER,"['NIFTY 100', 'NIFTY 200', 'NIFTY LARGEMIDCAP 250', 'NIFTY NEXT 50', 'NIFTY TOTAL MARKET', 'NIFTY500 MULTICAP 50:25:25']"
BPCL,"['NIFTY 100', 'NIFTY 200', 'NIFTY 50', 'NIFTY ENERGY', 'NIFTY LARGEMIDCAP 250', 'NIFTY OIL & GAS', 'NIFTY TOTAL MARKET', 'NIFTY500 MULTICAP 50:25:25']"
ZOMATO,"['NIFTY 100', 'NIFTY 200', 'NIFTY LARGEMIDCAP 250', 'NIFTY NEXT 50', 'NIFTY TOTAL MARKET', 'NIFTY500 MULTICAP 50:25:25']"
INDUSINDBK,"['NIFTY 100', 'NIFTY 200', 'NIFTY 50', 'NIFTY BANK', 'NIFTY LARGEMIDCAP 250', 'NIFTY PRIVATE BANK', 'NIFTY TOTAL MARKET', 'NIFTY500 MULTICAP 50:25:25']"
SBICARD,"['NIFTY 100', 'NIFTY 200', 'NIFTY FINANCIAL SERVICES 25/50', 'NIFTY FINANCIAL SERVICES', 'NIFTY LARGEMIDCAP 250', 'NIFTY NEXT 50', 'NIFTY TOTAL MARKET', 'NIFTY500 MULTICAP 50:25:25']"
ONGC,"['NIFTY 100', 'NIFTY 200', 'NIFTY 50', 'NIFTY ENERGY', 'NIFTY LARGEMIDCAP 250', 'NIFTY OIL & GAS', 'NIFTY TOTAL MARKET', 'NIFTY500 MULTICAP 50:25:25']"
SRF,"['NIFTY 100', 'NIFTY 200', 'NIFTY LARGEMIDCAP 250', 'NIFTY NEXT 50', 'NIFTY TOTAL MARKET', 'NIFTY500 MULTICAP 50:25:25']"
MCDOWELL_N,"['NIFTY 100', 'NIFTY 200', 'NIFTY FMCG', 'NIFTY LARGEMIDCAP 250', 'NIFTY NEXT 50', 'NIFTY TOTAL MARKET', 'NIFTY500 MULTICAP 50:25:25']"
TECHM,"['NIFTY 100', 'NIFTY 200', 'NIFTY 50', 'NIFTY IT', 'NIFTY LARGEMIDCAP 250', 'NIFTY TOTAL MARKET', 'NIFTY500 MULTICAP 50:25:25']"
GRASIM,"['NIFTY 100', 'NIFTY 200', 'NIFTY 50', 'NIFTY LARGEMIDCAP 250', 'NIFTY TOTAL MARKET', 'NIFTY500 MULTICAP 50:25:25']"
MARUTI,"['NIFTY 100', 'NIFTY 200', 'NIFTY 50', 'NIFTY AUTO', 'NIFTY LARGEMIDCAP 250', 'NIFTY TOTAL MARKET', 'NIFTY500 MULTICAP 50:25:25']"
DABUR,"['NIFTY 100', 'NIFTY 200', 'NIFTY FMCG', 'NIFTY LARGEMIDCAP 250', 'NIFTY NEXT 50', 'NIFTY TOTAL MARKET', 'NIFTY500 MULTICAP 50:25:25']"
LICI,"['NIFTY 100', 'NIFTY 200', 'NIFTY LARGEMIDCAP 250', 'NIFTY NEXT 50', 'NIFTY TOTAL MARKET', 'NIFTY500 MULTICAP 50:25:25']"
M_M,"['NIFTY 100', 'NIFTY 200', 'NIFTY 50', 'NIFTY AUTO', 'NIFTY LARGEMIDCAP 250', 'NIFTY TOTAL MARKET', 'NIFTY500 MULTICAP 50:25:25']"
LT,"['NIFTY 100', 'NIFTY 200', 'NIFTY 50', 'NIFTY LARGEMIDCAP 250', 'NIFTY TOTAL MARKET', 'NIFTY500 MULTICAP 50:25:25']"
MUTHOOTFIN,"['NIFTY 100', 'NIFTY 200', 'NIFTY FINANCIAL SERVICES 25/50', 'NIFTY FINANCIAL SERVICES', 'NIFTY LARGEMIDCAP 250', 'NIFTY NEXT 50', 'NIFTY TOTAL MARKET', 'NIFTY500 MULTICAP 50:25:25']"
HINDALCO,"['NIFTY 100', 'NIFTY 200', 'NIFTY 50', 'NIFTY LARGEMIDCAP 250', 'NIFTY METAL', 'NIFTY TOTAL MARKET', 'NIFTY500 MULTICAP 50:25:25']"
BAJAJ_AUTO,"['NIFTY 100', 'NIFTY 200', 'NIFTY 50', 'NIFTY AUTO', 'NIFTY LARGEMIDCAP 250', 'NIFTY TOTAL MARKET', 'NIFTY500 MULTICAP 50:25:25']"
HAVELLS,"['NIFTY 100', 'NIFTY 200', 'NIFTY CONSUMER DURABLES', 'NIFTY LARGEMIDCAP 250', 'NIFTY NEXT 50', 'NIFTY TOTAL MARKET', 'NIFTY500 MULTICAP 50:25:25']"
BERGEPAINT,"['NIFTY 100', 'NIFTY 200', 'NIFTY LARGEMIDCAP 250', 'NIFTY NEXT 50', 'NIFTY TOTAL MARKET', 'NIFTY500 MULTICAP 50:25:25']"
UPL,"['NIFTY 100', 'NIFTY 200', 'NIFTY 50', 'NIFTY LARGEMIDCAP 250', 'NIFTY TOTAL MARKET', 'NIFTY500 MULTICAP 50:25:25']"
SHREECEM,"['NIFTY 100', 'NIFTY 200', 'NIFTY LARGEMIDCAP 250', 'NIFTY NEXT 50', 'NIFTY TOTAL MARKET', 'NIFTY500 MULTICAP 50:25:25']"
INDIGO,"['NIFTY 100', 'NIFTY 200', 'NIFTY LARGEMIDCAP 250', 'NIFTY NEXT 50', 'NIFTY TOTAL MARKET', 'NIFTY500 MULTICAP 50:25:25']"
PGHH,"['NIFTY 100', 'NIFTY 200', 'NIFTY FMCG', 'NIFTY LARGEMIDCAP 250', 'NIFTY NEXT 50', 'NIFTY TOTAL MARKET', 'NIFTY500 MULTICAP 50:25:25']"
NTPC,"['NIFTY 100', 'NIFTY 200', 'NIFTY 50', 'NIFTY ENERGY', 'NIFTY LARGEMIDCAP 250', 'NIFTY TOTAL MARKET', 'NIFTY500 MULTICAP 50:25:25']"
TCS,"['NIFTY 100', 'NIFTY 200', 'NIFTY 50', 'NIFTY IT', 'NIFTY LARGEMIDCAP 250', 'NIFTY TOTAL MARKET', 'NIFTY500 MULTICAP 50:25:25']"
ADANIPORTS,"['NIFTY 100', 'NIFTY 200', 'NIFTY 50', 'NIFTY LARGEMIDCAP 250', 'NIFTY TOTAL MARKET', 'NIFTY500 MULTICAP 50:25:25']"
BEL,"['NIFTY 100', 'NIFTY 200', 'NIFTY LARGEMIDCAP 250', 'NIFTY NEXT 50', 'NIFTY TOTAL MARKET', 'NIFTY500 MULTICAP 50:25:25']"
HAL,"['NIFTY 100', 'NIFTY 200', 'NIFTY LARGEMIDCAP 250', 'NIFTY NEXT 50', 'NIFTY TOTAL MARKET', 'NIFTY500 MULTICAP 50:25:25']"
ULTRACEMCO,"['NIFTY 100', 'NIFTY 200', 'NIFTY 50', 'NIFTY LARGEMIDCAP 250', 'NIFTY TOTAL MARKET', 'NIFTY500 MULTICAP 50:25:25']"
POWERGRID,"['NIFTY 100', 'NIFTY 200', 'NIFTY 50', 'NIFTY ENERGY', 'NIFTY LARGEMIDCAP 250', 'NIFTY TOTAL MARKET', 'NIFTY500 MULTICAP 50:25:25']"
INFY,"['NIFTY 100', 'NIFTY 200', 'NIFTY 50', 'NIFTY IT', 'NIFTY LARGEMIDCAP 250', 'NIFTY TOTAL MARKET', 'NIFTY500 MULTICAP 50:25:25']"
DRREDDY,"['NIFTY 100', 'NIFTY 200', 'NIFTY 50', 'NIFTY HEALTHCARE INDEX', 'NIFTY LARGEMIDCAP 250', 'NIFTY PHARMA', 'NIFTY TOTAL MARKET', 'NIFTY500 MULTICAP 50:25:25']"
HCLTECH,"['NIFTY 100', 'NIFTY 200', 'NIFTY 50', 'NIFTY IT', 'NIFTY LARGEMIDCAP 250', 'NIFTY TOTAL MARKET', 'NIFTY500 MULTICAP 50:25:25']"
JSWSTEEL,"['NIFTY 100', 'NIFTY 200', 'NIFTY 50', 'NIFTY LARGEMIDCAP 250', 'NIFTY METAL', 'NIFTY TOTAL MARKET', 'NIFTY500 MULTICAP 50:25:25']"
BAJAJFINSV,"['NIFTY 100', 'NIFTY 200', 'NIFTY 50', 'NIFTY FINANCIAL SERVICES 25/50', 'NIFTY FINANCIAL SERVICES', 'NIFTY LARGEMIDCAP 250', 'NIFTY TOTAL MARKET', 'NIFTY500 MULTICAP 50:25:25']"
BHARTIARTL,"['NIFTY 100', 'NIFTY 200', 'NIFTY 50', 'NIFTY LARGEMIDCAP 250', 'NIFTY TOTAL MARKET', 'NIFTY500 MULTICAP 50:25:25']"
ITC,"['NIFTY 100', 'NIFTY 200', 'NIFTY 50', 'NIFTY FMCG', 'NIFTY LARGEMIDCAP 250', 'NIFTY TOTAL MARKET', 'NIFTY500 MULTICAP 50:25:25']"
SUNPHARMA,"['NIFTY 100', 'NIFTY 200', 'NIFTY 50', 'NIFTY HEALTHCARE INDEX', 'NIFTY LARGEMIDCAP 250', 'NIFTY PHARMA', 'NIFTY TOTAL MARKET', 'NIFTY500 MULTICAP 50:25:25']"
ASIANPAINT,"['NIFTY 100', 'NIFTY 200', 'NIFTY 50', 'NIFTY LARGEMIDCAP 250', 'NIFTY TOTAL MARKET', 'NIFTY500 MULTICAP 50:25:25']"
GLAND,"['NIFTY 100', 'NIFTY 200', 'NIFTY HEALTHCARE INDEX', 'NIFTY LARGEMIDCAP 250', 'NIFTY NEXT 50', 'NIFTY PHARMA', 'NIFTY TOTAL MARKET', 'NIFTY500 MULTICAP 50:25:25']"
COLPAL,"['NIFTY 100', 'NIFTY 200', 'NIFTY FMCG', 'NIFTY LARGEMIDCAP 250', 'NIFTY NEXT 50', 'NIFTY TOTAL MARKET', 'NIFTY500 MULTICAP 50:25:25']"
LTI,"['NIFTY 100', 'NIFTY 200', 'NIFTY IT', 'NIFTY LARGEMIDCAP 250', 'NIFTY NEXT 50', 'NIFTY TOTAL MARKET', 'NIFTY500 MULTICAP 50:25:25']"
CHOLAFIN,"['NIFTY 100', 'NIFTY 200', 'NIFTY FINANCIAL SERVICES 25/50', 'NIFTY FINANCIAL SERVICES', 'NIFTY LARGEMIDCAP 250', 'NIFTY NEXT 50', 'NIFTY TOTAL MARKET', 'NIFTY500 MULTICAP 50:25:25']"
PIIND,"['NIFTY 100', 'NIFTY 200', 'NIFTY LARGEMIDCAP 250', 'NIFTY NEXT 50', 'NIFTY TOTAL MARKET', 'NIFTY500 MULTICAP 50:25:25']"
SBILIFE,"['NIFTY 100', 'NIFTY 200', 'NIFTY 50', 'NIFTY FINANCIAL SERVICES 25/50', 'NIFTY FINANCIAL SERVICES', 'NIFTY LARGEMIDCAP 250', 'NIFTY TOTAL MARKET', 'NIFTY500 MULTICAP 50:25:25']"
IRCTC,"['NIFTY 100', 'NIFTY 200', 'NIFTY LARGEMIDCAP 250', 'NIFTY NEXT 50', 'NIFTY TOTAL MARKET', 'NIFTY500 MULTICAP 50:25:25']"
SBIN,"['NIFTY 100', 'NIFTY 200', 'NIFTY 50', 'NIFTY BANK', 'NIFTY FINANCIAL SERVICES 25/50', 'NIFTY FINANCIAL SERVICES', 'NIFTY LARGEMIDCAP 250', 'NIFTY PSU BANK', 'NIFTY TOTAL MARKET', 'NIFTY500 MULTICAP 50:25:25']"
HDFC,"['NIFTY 100', 'NIFTY 200', 'NIFTY 50', 'NIFTY FINANCIAL SERVICES 25/50', 'NIFTY FINANCIAL SERVICES', 'NIFTY LARGEMIDCAP 250', 'NIFTY TOTAL MARKET', 'NIFTY500 MULTICAP 50:25:25']"
HINDUNILVR,"['NIFTY 100', 'NIFTY 200', 'NIFTY 50', 'NIFTY FMCG', 'NIFTY LARGEMIDCAP 250', 'NIFTY TOTAL MARKET', 'NIFTY500 MULTICAP 50:25:25']"
HDFCBANK,"['NIFTY 100', 'NIFTY 200', 'NIFTY 50', 'NIFTY BANK', 'NIFTY FINANCIAL SERVICES 25/50', 'NIFTY FINANCIAL SERVICES', 'NIFTY LARGEMIDCAP 250', 'NIFTY PRIVATE BANK', 'NIFTY TOTAL MARKET', 'NIFTY500 MULTICAP 50:25:25']"
BAJFINANCE,"['NIFTY 100', 'NIFTY 200', 'NIFTY 50', 'NIFTY FINANCIAL SERVICES 25/50', 'NIFTY FINANCIAL SERVICES', 'NIFTY LARGEMIDCAP 250', 'NIFTY TOTAL MARKET', 'NIFTY500 MULTICAP 50:25:25']"
ADANIENT,"['NIFTY 100', 'NIFTY 200', 'NIFTY 50', 'NIFTY LARGEMIDCAP 250', 'NIFTY METAL', 'NIFTY TOTAL MARKET', 'NIFTY500 MULTICAP 50:25:25']"
APOLLOHOSP,"['NIFTY 100', 'NIFTY 200', 'NIFTY 50', 'NIFTY HEALTHCARE INDEX', 'NIFTY LARGEMIDCAP 250', 'NIFTY TOTAL MARKET', 'NIFTY500 MULTICAP 50:25:25']"
TATACONSUM,"['NIFTY 100', 'NIFTY 200', 'NIFTY 50', 'NIFTY FMCG', 'NIFTY LARGEMIDCAP 250', 'NIFTY TOTAL MARKET', 'NIFTY500 MULTICAP 50:25:25']"
MARICO,"['NIFTY 100', 'NIFTY 200', 'NIFTY FMCG', 'NIFTY LARGEMIDCAP 250', 'NIFTY NEXT 50', 'NIFTY TOTAL MARKET', 'NIFTY500 MULTICAP 50:25:25']"
BRITANNIA,"['NIFTY 100', 'NIFTY 200', 'NIFTY 50', 'NIFTY FMCG', 'NIFTY LARGEMIDCAP 250', 'NIFTY TOTAL MARKET', 'NIFTY500 MULTICAP 50:25:25']"
GODREJCP,"['NIFTY 100', 'NIFTY 200', 'NIFTY FMCG', 'NIFTY LARGEMIDCAP 250', 'NIFTY NEXT 50', 'NIFTY TOTAL MARKET', 'NIFTY500 MULTICAP 50:25:25']"
ADANIGREEN,"['NIFTY 100', 'NIFTY 200', 'NIFTY ENERGY', 'NIFTY LARGEMIDCAP 250', 'NIFTY NEXT 50', 'NIFTY TOTAL MARKET', 'NIFTY500 MULTICAP 50:25:25']"
TITAN,"['NIFTY 100', 'NIFTY 200', 'NIFTY 50', 'NIFTY CONSUMER DURABLES', 'NIFTY LARGEMIDCAP 250', 'NIFTY TOTAL MARKET', 'NIFTY500 MULTICAP 50:25:25']"
KOTAKBANK,"['NIFTY 100', 'NIFTY 200', 'NIFTY 50', 'NIFTY BANK', 'NIFTY FINANCIAL SERVICES 25/50', 'NIFTY FINANCIAL SERVICES', 'NIFTY LARGEMIDCAP 250', 'NIFTY PRIVATE BANK', 'NIFTY TOTAL MARKET', 'NIFTY500 MULTICAP 50:25:25']"
NESTLEIND,"['NIFTY 100', 'NIFTY 200', 'NIFTY 50', 'NIFTY FMCG', 'NIFTY LARGEMIDCAP 250', 'NIFTY TOTAL MARKET', 'NIFTY500 MULTICAP 50:25:25']"
ICICIBANK,"['NIFTY 100', 'NIFTY 200', 'NIFTY 50', 'NIFTY BANK', 'NIFTY FINANCIAL SERVICES 25/50', 'NIFTY FINANCIAL SERVICES', 'NIFTY LARGEMIDCAP 250', 'NIFTY PRIVATE BANK', 'NIFTY TOTAL MARKET', 'NIFTY500 MULTICAP 50:25:25']"
ICICIGI,"['NIFTY 100', 'NIFTY 200', 'NIFTY FINANCIAL SERVICES 25/50', 'NIFTY FINANCIAL SERVICES', 'NIFTY LARGEMIDCAP 250', 'NIFTY NEXT 50', 'NIFTY TOTAL MARKET', 'NIFTY500 MULTICAP 50:25:25']"
SIEMENS,"['NIFTY 100', 'NIFTY 200', 'NIFTY LARGEMIDCAP 250', 'NIFTY NEXT 50', 'NIFTY TOTAL MARKET', 'NIFTY500 MULTICAP 50:25:25']"
BANKBARODA,"['NIFTY 100', 'NIFTY 200', 'NIFTY BANK', 'NIFTY LARGEMIDCAP 250', 'NIFTY NEXT 50', 'NIFTY PSU BANK', 'NIFTY TOTAL MARKET', 'NIFTY500 MULTICAP 50:25:25']"
PIDILITIND,"['NIFTY 100', 'NIFTY 200', 'NIFTY LARGEMIDCAP 250', 'NIFTY NEXT 50', 'NIFTY TOTAL MARKET', 'NIFTY500 MULTICAP 50:25:25']"
DMART,"['NIFTY 100', 'NIFTY 200', 'NIFTY LARGEMIDCAP 250', 'NIFTY NEXT 50', 'NIFTY TOTAL MARKET', 'NIFTY500 MULTICAP 50:25:25']"
ADANITRANS,"['NIFTY 100', 'NIFTY 200', 'NIFTY ENERGY', 'NIFTY LARGEMIDCAP 250', 'NIFTY NEXT 50', 'NIFTY TOTAL MARKET', 'NIFTY500 MULTICAP 50:25:25']"
ICICIPRULI,"['NIFTY 100', 'NIFTY 200', 'NIFTY FINANCIAL SERVICES 25/50', 'NIFTY FINANCIAL SERVICES', 'NIFTY LARGEMIDCAP 250', 'NIFTY NEXT 50', 'NIFTY TOTAL MARKET', 'NIFTY500 MULTICAP 50:25:25']"
ATGL,"['NIFTY 100', 'NIFTY 200', 'NIFTY LARGEMIDCAP 250', 'NIFTY NEXT 50', 'NIFTY OIL & GAS', 'NIFTY TOTAL MARKET', 'NIFTY500 MULTICAP 50:25:25']"
BAJAJHLDNG,"['NIFTY 100', 'NIFTY 200', 'NIFTY LARGEMIDCAP 250', 'NIFTY NEXT 50', 'NIFTY TOTAL MARKET', 'NIFTY500 MULTICAP 50:25:25']"
BHEL,"['NIFTY 200', 'NIFTY LARGEMIDCAP 250', 'NIFTY MIDCAP 100', 'NIFTY MIDCAP 150', 'NIFTY MIDSMALLCAP 400', 'NIFTY TOTAL MARKET', 'NIFTY500 MULTICAP 50:25:25']"
GSPL,"['NIFTY 200', 'NIFTY LARGEMIDCAP 250', 'NIFTY MIDCAP 100', 'NIFTY MIDCAP 150', 'NIFTY MIDSMALLCAP 400', 'NIFTY OIL & GAS', 'NIFTY TOTAL MARKET', 'NIFTY500 MULTICAP 50:25:25']"
POLICYBZR,"['NIFTY 200', 'NIFTY LARGEMIDCAP 250', 'NIFTY MIDCAP 100', 'NIFTY MIDCAP 150', 'NIFTY MIDSMALLCAP 400', 'NIFTY TOTAL MARKET', 'NIFTY500 MULTICAP 50:25:25']"
PFC,"['NIFTY 200', 'NIFTY FINANCIAL SERVICES 25/50', 'NIFTY FINANCIAL SERVICES', 'NIFTY LARGEMIDCAP 250', 'NIFTY MIDCAP 100', 'NIFTY MIDCAP 150', 'NIFTY MIDCAP 50', 'NIFTY MIDSMALLCAP 400', 'NIFTY TOTAL MARKET', 'NIFTY500 MULTICAP 50:25:25']"
RECLTD,"['NIFTY 200', 'NIFTY FINANCIAL SERVICES 25/50', 'NIFTY FINANCIAL SERVICES', 'NIFTY LARGEMIDCAP 250', 'NIFTY MIDCAP 100', 'NIFTY MIDCAP 150', 'NIFTY MIDCAP 50', 'NIFTY MIDSMALLCAP 400', 'NIFTY TOTAL MARKET', 'NIFTY500 MULTICAP 50:25:25']"
L_TFH,"['NIFTY 200', 'NIFTY LARGEMIDCAP 250', 'NIFTY MIDCAP 100', 'NIFTY MIDCAP 150', 'NIFTY MIDSMALLCAP 400', 'NIFTY TOTAL MARKET', 'NIFTY500 MULTICAP 50:25:25']"
ABCAPITAL,"['NIFTY 200', 'NIFTY LARGEMIDCAP 250', 'NIFTY MIDCAP 100', 'NIFTY MIDCAP 150', 'NIFTY MIDSMALLCAP 400', 'NIFTY TOTAL MARKET', 'NIFTY500 MULTICAP 50:25:25']"
PNB,"['NIFTY 200', 'NIFTY BANK', 'NIFTY LARGEMIDCAP 250', 'NIFTY MIDCAP 100', 'NIFTY MIDCAP 150', 'NIFTY MIDCAP 50', 'NIFTY MIDSMALLCAP 400', 'NIFTY PSU BANK', 'NIFTY TOTAL MARKET', 'NIFTY500 MULTICAP 50:25:25']"
ESCORTS,"['NIFTY 200', 'NIFTY LARGEMIDCAP 250', 'NIFTY MIDCAP 100', 'NIFTY MIDCAP 150', 'NIFTY MIDCAP 50', 'NIFTY MIDSMALLCAP 400', 'NIFTY TOTAL MARKET', 'NIFTY500 MULTICAP 50:25:25']"
LICHSGFIN,"['NIFTY 200', 'NIFTY LARGEMIDCAP 250', 'NIFTY MIDCAP 100', 'NIFTY MIDCAP 150', 'NIFTY MIDCAP 50', 'NIFTY MIDSMALLCAP 400', 'NIFTY TOTAL MARKET', 'NIFTY500 MULTICAP 50:25:25']"
IGL,"['NIFTY 200', 'NIFTY LARGEMIDCAP 250', 'NIFTY MIDCAP 100', 'NIFTY MIDCAP 150', 'NIFTY MIDSMALLCAP 400', 'NIFTY OIL & GAS', 'NIFTY TOTAL MARKET', 'NIFTY500 MULTICAP 50:25:25']"
ZEEL,"['NIFTY 200', 'NIFTY LARGEMIDCAP 250', 'NIFTY MEDIA', 'NIFTY MIDCAP 100', 'NIFTY MIDCAP 150', 'NIFTY MIDCAP 50', 'NIFTY MIDCAP SELECT', 'NIFTY MIDSMALLCAP 400', 'NIFTY TOTAL MARKET', 'NIFTY500 MULTICAP 50:25:25']"
IEX,"['NIFTY 200', 'NIFTY FINANCIAL SERVICES 25/50', 'NIFTY FINANCIAL SERVICES', 'NIFTY LARGEMIDCAP 250', 'NIFTY MIDCAP 100', 'NIFTY MIDCAP 150', 'NIFTY MIDSMALLCAP 400', 'NIFTY TOTAL MARKET', 'NIFTY500 MULTICAP 50:25:25']"
JSWENERGY,"['NIFTY 200', 'NIFTY LARGEMIDCAP 250', 'NIFTY MIDCAP 100', 'NIFTY MIDCAP 150', 'NIFTY MIDSMALLCAP 400', 'NIFTY TOTAL MARKET', 'NIFTY500 MULTICAP 50:25:25']"
TATAELXSI,"['NIFTY 200', 'NIFTY LARGEMIDCAP 250', 'NIFTY MIDCAP 100', 'NIFTY MIDCAP 150', 'NIFTY MIDSMALLCAP 400', 'NIFTY TOTAL MARKET', 'NIFTY500 MULTICAP 50:25:25']"
BALKRISIND,"['NIFTY 200', 'NIFTY AUTO', 'NIFTY LARGEMIDCAP 250', 'NIFTY MIDCAP 100', 'NIFTY MIDCAP 150', 'NIFTY MIDCAP 50', 'NIFTY MIDCAP SELECT', 'NIFTY MIDSMALLCAP 400', 'NIFTY TOTAL MARKET', 'NIFTY500 MULTICAP 50:25:25']"
IDFCFIRSTB,"['NIFTY 200', 'NIFTY BANK', 'NIFTY LARGEMIDCAP 250', 'NIFTY MIDCAP 100', 'NIFTY MIDCAP 150', 'NIFTY MIDCAP 50', 'NIFTY MIDCAP SELECT', 'NIFTY MIDSMALLCAP 400', 'NIFTY PRIVATE BANK', 'NIFTY TOTAL MARKET', 'NIFTY500 MULTICAP 50:25:25']"
ZYDUSLIFE,"['NIFTY 200', 'NIFTY HEALTHCARE INDEX', 'NIFTY LARGEMIDCAP 250', 'NIFTY MIDCAP 100', 'NIFTY MIDCAP 150', 'NIFTY MIDCAP 50', 'NIFTY MIDSMALLCAP 400', 'NIFTY PHARMA', 'NIFTY TOTAL MARKET', 'NIFTY500 MULTICAP 50:25:25']"
OBEROIRLTY,"['NIFTY 200', 'NIFTY LARGEMIDCAP 250', 'NIFTY MIDCAP 100', 'NIFTY MIDCAP 150', 'NIFTY MIDCAP 50', 'NIFTY MIDSMALLCAP 400', 'NIFTY REALTY', 'NIFTY TOTAL MARKET', 'NIFTY500 MULTICAP 50:25:25']"
PERSISTENT,"['NIFTY 200', 'NIFTY IT', 'NIFTY LARGEMIDCAP 250', 'NIFTY MIDCAP 100', 'NIFTY MIDCAP 150', 'NIFTY MIDCAP 50', 'NIFTY MIDCAP SELECT', 'NIFTY MIDSMALLCAP 400', 'NIFTY TOTAL MARKET', 'NIFTY500 MULTICAP 50:25:25']"
COROMANDEL,"['NIFTY 200', 'NIFTY LARGEMIDCAP 250', 'NIFTY MIDCAP 100', 'NIFTY MIDCAP 150', 'NIFTY MIDSMALLCAP 400', 'NIFTY TOTAL MARKET', 'NIFTY500 MULTICAP 50:25:25']"
ASHOKLEY,"['NIFTY 200', 'NIFTY AUTO', 'NIFTY LARGEMIDCAP 250', 'NIFTY MIDCAP 100', 'NIFTY MIDCAP 150', 'NIFTY MIDCAP 50', 'NIFTY MIDCAP SELECT', 'NIFTY MIDSMALLCAP 400', 'NIFTY TOTAL MARKET', 'NIFTY500 MULTICAP 50:25:25']"
TRIDENT,"['NIFTY 200', 'NIFTY LARGEMIDCAP 250', 'NIFTY MIDCAP 100', 'NIFTY MIDCAP 150', 'NIFTY MIDSMALLCAP 400', 'NIFTY TOTAL MARKET', 'NIFTY500 MULTICAP 50:25:25']"
M_MFIN,"['NIFTY 200', 'NIFTY LARGEMIDCAP 250', 'NIFTY MIDCAP 100', 'NIFTY MIDCAP 150', 'NIFTY MIDCAP 50', 'NIFTY MIDSMALLCAP 400', 'NIFTY TOTAL MARKET', 'NIFTY500 MULTICAP 50:25:25']"
WHIRLPOOL,"['NIFTY 200', 'NIFTY CONSUMER DURABLES', 'NIFTY LARGEMIDCAP 250', 'NIFTY MIDCAP 100', 'NIFTY MIDCAP 150', 'NIFTY MIDSMALLCAP 400', 'NIFTY TOTAL MARKET', 'NIFTY500 MULTICAP 50:25:25']"
ABFRL,"['NIFTY 200', 'NIFTY LARGEMIDCAP 250', 'NIFTY MIDCAP 100', 'NIFTY MIDCAP 150', 'NIFTY MIDSMALLCAP 400', 'NIFTY TOTAL MARKET', 'NIFTY500 MULTICAP 50:25:25']"
HINDPETRO,"['NIFTY 200', 'NIFTY LARGEMIDCAP 250', 'NIFTY MIDCAP 100', 'NIFTY MIDCAP 150', 'NIFTY MIDCAP 50', 'NIFTY MIDCAP SELECT', 'NIFTY MIDSMALLCAP 400', 'NIFTY OIL & GAS', 'NIFTY TOTAL MARKET', 'NIFTY500 MULTICAP 50:25:25']"
IPCALAB,"['NIFTY 200', 'NIFTY HEALTHCARE INDEX', 'NIFTY LARGEMIDCAP 250', 'NIFTY MIDCAP 100', 'NIFTY MIDCAP 150', 'NIFTY MIDSMALLCAP 400', 'NIFTY PHARMA', 'NIFTY TOTAL MARKET', 'NIFTY500 MULTICAP 50:25:25']"
AUROPHARMA,"['NIFTY 200', 'NIFTY HEALTHCARE INDEX', 'NIFTY LARGEMIDCAP 250', 'NIFTY MIDCAP 100', 'NIFTY MIDCAP 150', 'NIFTY MIDCAP 50', 'NIFTY MIDCAP SELECT', 'NIFTY MIDSMALLCAP 400', 'NIFTY PHARMA', 'NIFTY TOTAL MARKET', 'NIFTY500 MULTICAP 50:25:25']"
TTML,"['NIFTY 200', 'NIFTY LARGEMIDCAP 250', 'NIFTY MIDCAP 100', 'NIFTY MIDCAP 150', 'NIFTY MIDSMALLCAP 400', 'NIFTY TOTAL MARKET', 'NIFTY500 MULTICAP 50:25:25']"
CONCOR,"['NIFTY 200', 'NIFTY LARGEMIDCAP 250', 'NIFTY MIDCAP 100', 'NIFTY MIDCAP 150', 'NIFTY MIDCAP 50', 'NIFTY MIDCAP SELECT', 'NIFTY MIDSMALLCAP 400', 'NIFTY TOTAL MARKET', 'NIFTY500 MULTICAP 50:25:25']"
ISEC,"['NIFTY 200', 'NIFTY LARGEMIDCAP 250', 'NIFTY MIDCAP 100', 'NIFTY MIDCAP 150', 'NIFTY MIDSMALLCAP 400', 'NIFTY TOTAL MARKET', 'NIFTY500 MULTICAP 50:25:25']"
GODREJPROP,"['NIFTY 200', 'NIFTY LARGEMIDCAP 250', 'NIFTY MIDCAP 100', 'NIFTY MIDCAP 150', 'NIFTY MIDCAP 50', 'NIFTY MIDCAP SELECT', 'NIFTY MIDSMALLCAP 400', 'NIFTY REALTY', 'NIFTY TOTAL MARKET', 'NIFTY500 MULTICAP 50:25:25']"
LALPATHLAB,"['NIFTY 200', 'NIFTY HEALTHCARE INDEX', 'NIFTY LARGEMIDCAP 250', 'NIFTY MIDCAP 100', 'NIFTY MIDCAP 150', 'NIFTY MIDSMALLCAP 400', 'NIFTY TOTAL MARKET', 'NIFTY500 MULTICAP 50:25:25']"
LAURUSLABS,"['NIFTY 200', 'NIFTY HEALTHCARE INDEX', 'NIFTY LARGEMIDCAP 250', 'NIFTY MIDCAP 100', 'NIFTY MIDCAP 150', 'NIFTY MIDCAP SELECT', 'NIFTY MIDSMALLCAP 400', 'NIFTY PHARMA', 'NIFTY TOTAL MARKET', 'NIFTY500 MULTICAP 50:25:25']"
PAGEIND,"['NIFTY 200', 'NIFTY LARGEMIDCAP 250', 'NIFTY MIDCAP 100', 'NIFTY MIDCAP 150', 'NIFTY MIDCAP 50', 'NIFTY MIDCAP SELECT', 'NIFTY MIDSMALLCAP 400', 'NIFTY TOTAL MARKET', 'NIFTY500 MULTICAP 50:25:25']"
BATAINDIA,"['NIFTY 200', 'NIFTY CONSUMER DURABLES', 'NIFTY LARGEMIDCAP 250', 'NIFTY MIDCAP 100', 'NIFTY MIDCAP 150', 'NIFTY MIDCAP 50', 'NIFTY MIDSMALLCAP 400', 'NIFTY TOTAL MARKET', 'NIFTY500 MULTICAP 50:25:25']"
VOLTAS,"['NIFTY 200', 'NIFTY CONSUMER DURABLES', 'NIFTY LARGEMIDCAP 250', 'NIFTY MIDCAP 100', 'NIFTY MIDCAP 150', 'NIFTY MIDCAP 50', 'NIFTY MIDCAP SELECT', 'NIFTY MIDSMALLCAP 400', 'NIFTY TOTAL MARKET', 'NIFTY500 MULTICAP 50:25:25']"
OIL,"['NIFTY 200', 'NIFTY LARGEMIDCAP 250', 'NIFTY MIDCAP 100', 'NIFTY MIDCAP 150', 'NIFTY MIDSMALLCAP 400', 'NIFTY OIL & GAS', 'NIFTY TOTAL MARKET', 'NIFTY500 MULTICAP 50:25:25']"
MFSL,"['NIFTY 200', 'NIFTY LARGEMIDCAP 250', 'NIFTY MIDCAP 100', 'NIFTY MIDCAP 150', 'NIFTY MIDCAP 50', 'NIFTY MIDSMALLCAP 400', 'NIFTY TOTAL MARKET', 'NIFTY500 MULTICAP 50:25:25']"
POLYCAB,"['NIFTY 200', 'NIFTY LARGEMIDCAP 250', 'NIFTY MIDCAP 100', 'NIFTY MIDCAP 150', 'NIFTY MIDCAP 50', 'NIFTY MIDSMALLCAP 400', 'NIFTY TOTAL MARKET', 'NIFTY500 MULTICAP 50:25:25']"
INDHOTEL,"['NIFTY 200', 'NIFTY LARGEMIDCAP 250', 'NIFTY MIDCAP 100', 'NIFTY MIDCAP 150', 'NIFTY MIDCAP 50', 'NIFTY MIDCAP SELECT', 'NIFTY MIDSMALLCAP 400', 'NIFTY TOTAL MARKET', 'NIFTY500 MULTICAP 50:25:25']"
CLEAN,"['NIFTY 200', 'NIFTY LARGEMIDCAP 250', 'NIFTY MIDCAP 100', 'NIFTY MIDCAP 150', 'NIFTY MIDSMALLCAP 400', 'NIFTY TOTAL MARKET', 'NIFTY500 MULTICAP 50:25:25']"
PATANJALI,"['NIFTY 200', 'NIFTY LARGEMIDCAP 250', 'NIFTY MIDCAP 100', 'NIFTY MIDCAP 150', 'NIFTY MIDSMALLCAP 400', 'NIFTY TOTAL MARKET', 'NIFTY500 MULTICAP 50:25:25']"
PETRONET,"['NIFTY 200', 'NIFTY LARGEMIDCAP 250', 'NIFTY MIDCAP 100', 'NIFTY MIDCAP 150', 'NIFTY MIDCAP 50', 'NIFTY MIDSMALLCAP 400', 'NIFTY OIL & GAS', 'NIFTY TOTAL MARKET', 'NIFTY500 MULTICAP 50:25:25']"
JUBLFOOD,"['NIFTY 200', 'NIFTY LARGEMIDCAP 250', 'NIFTY MIDCAP 100', 'NIFTY MIDCAP 150', 'NIFTY MIDCAP 50', 'NIFTY MIDCAP SELECT', 'NIFTY MIDSMALLCAP 400', 'NIFTY TOTAL MARKET', 'NIFTY500 MULTICAP 50:25:25']"
TORNTPOWER,"['NIFTY 200', 'NIFTY LARGEMIDCAP 250', 'NIFTY MIDCAP 100', 'NIFTY MIDCAP 150', 'NIFTY MIDCAP 50', 'NIFTY MIDSMALLCAP 400', 'NIFTY TOTAL MARKET', 'NIFTY500 MULTICAP 50:25:25']"
ASTRAL,"['NIFTY 200', 'NIFTY LARGEMIDCAP 250', 'NIFTY MIDCAP 100', 'NIFTY MIDCAP 150', 'NIFTY MIDCAP 50', 'NIFTY MIDCAP SELECT', 'NIFTY MIDSMALLCAP 400', 'NIFTY TOTAL MARKET', 'NIFTY500 MULTICAP 50:25:25']"
NAVINFLUOR,"['NIFTY 200', 'NIFTY LARGEMIDCAP 250', 'NIFTY MIDCAP 100', 'NIFTY MIDCAP 150', 'NIFTY MIDSMALLCAP 400', 'NIFTY TOTAL MARKET', 'NIFTY500 MULTICAP 50:25:25']"
TATACHEM,"['NIFTY 200', 'NIFTY LARGEMIDCAP 250', 'NIFTY MIDCAP 100', 'NIFTY MIDCAP 150', 'NIFTY MIDSMALLCAP 400', 'NIFTY TOTAL MARKET', 'NIFTY500 MULTICAP 50:25:25']"
NAM_INDIA,"['NIFTY 200', 'NIFTY LARGEMIDCAP 250', 'NIFTY MIDCAP 100', 'NIFTY MIDCAP 150', 'NIFTY MIDSMALLCAP 400', 'NIFTY TOTAL MARKET', 'NIFTY500 MULTICAP 50:25:25']"
SAIL,"['NIFTY 200', 'NIFTY LARGEMIDCAP 250', 'NIFTY METAL', 'NIFTY MIDCAP 100', 'NIFTY MIDCAP 150', 'NIFTY MIDCAP 50', 'NIFTY MIDSMALLCAP 400', 'NIFTY TOTAL MARKET', 'NIFTY500 MULTICAP 50:25:25']"
FORTIS,"['NIFTY 200', 'NIFTY LARGEMIDCAP 250', 'NIFTY MIDCAP 100', 'NIFTY MIDCAP 150', 'NIFTY MIDSMALLCAP 400', 'NIFTY TOTAL MARKET', 'NIFTY500 MULTICAP 50:25:25']"
INDIAMART,"['NIFTY 200', 'NIFTY LARGEMIDCAP 250', 'NIFTY MIDCAP 100', 'NIFTY MIDCAP 150', 'NIFTY MIDSMALLCAP 400', 'NIFTY TOTAL MARKET', 'NIFTY500 MULTICAP 50:25:25']"
NATIONALUM,"['NIFTY 200', 'NIFTY LARGEMIDCAP 250', 'NIFTY METAL', 'NIFTY MIDCAP 100', 'NIFTY MIDCAP 150', 'NIFTY MIDSMALLCAP 400', 'NIFTY TOTAL MARKET', 'NIFTY500 MULTICAP 50:25:25']"
EMAMILTD,"['NIFTY 200', 'NIFTY FMCG', 'NIFTY LARGEMIDCAP 250', 'NIFTY MIDCAP 100', 'NIFTY MIDCAP 150', 'NIFTY MIDSMALLCAP 400', 'NIFTY TOTAL MARKET', 'NIFTY500 MULTICAP 50:25:25']"
POONAWALLA,"['NIFTY 200', 'NIFTY LARGEMIDCAP 250', 'NIFTY MIDCAP 100', 'NIFTY MIDCAP 150', 'NIFTY MIDSMALLCAP 400', 'NIFTY TOTAL MARKET', 'NIFTY500 MULTICAP 50:25:25']"
SUNTV,"['NIFTY 200', 'NIFTY LARGEMIDCAP 250', 'NIFTY MEDIA', 'NIFTY MIDCAP 100', 'NIFTY MIDCAP 150', 'NIFTY MIDSMALLCAP 400', 'NIFTY TOTAL MARKET', 'NIFTY500 MULTICAP 50:25:25']"
IDEA,"['NIFTY 200', 'NIFTY LARGEMIDCAP 250', 'NIFTY MIDCAP 100', 'NIFTY MIDCAP 150', 'NIFTY MIDCAP 50', 'NIFTY MIDSMALLCAP 400', 'NIFTY TOTAL MARKET', 'NIFTY500 MULTICAP 50:25:25']"
BANKINDIA,"['NIFTY 200', 'NIFTY LARGEMIDCAP 250', 'NIFTY MIDCAP 100', 'NIFTY MIDCAP 150', 'NIFTY MIDSMALLCAP 400', 'NIFTY PSU BANK', 'NIFTY TOTAL MARKET', 'NIFTY500 MULTICAP 50:25:25']"
PRESTIGE,"['NIFTY 200', 'NIFTY LARGEMIDCAP 250', 'NIFTY MIDCAP 100', 'NIFTY MIDCAP 150', 'NIFTY MIDSMALLCAP 400', 'NIFTY REALTY', 'NIFTY TOTAL MARKET', 'NIFTY500 MULTICAP 50:25:25']"
ABBOTINDIA,"['NIFTY 200', 'NIFTY HEALTHCARE INDEX', 'NIFTY LARGEMIDCAP 250', 'NIFTY MIDCAP 100', 'NIFTY MIDCAP 150', 'NIFTY MIDCAP 50', 'NIFTY MIDSMALLCAP 400', 'NIFTY PHARMA', 'NIFTY TOTAL MARKET', 'NIFTY500 MULTICAP 50:25:25']"
MRF,"['NIFTY 200', 'NIFTY AUTO', 'NIFTY LARGEMIDCAP 250', 'NIFTY MIDCAP 100', 'NIFTY MIDCAP 150', 'NIFTY MIDCAP 50', 'NIFTY MIDCAP SELECT', 'NIFTY MIDSMALLCAP 400', 'NIFTY TOTAL MARKET', 'NIFTY500 MULTICAP 50:25:25']"
HINDZINC,"['NIFTY 200', 'NIFTY LARGEMIDCAP 250', 'NIFTY METAL', 'NIFTY MIDCAP 100', 'NIFTY MIDCAP 150', 'NIFTY MIDSMALLCAP 400', 'NIFTY TOTAL MARKET', 'NIFTY500 MULTICAP 50:25:25']"
TATACOMM,"['NIFTY 200', 'NIFTY LARGEMIDCAP 250', 'NIFTY MIDCAP 100', 'NIFTY MIDCAP 150', 'NIFTY MIDCAP 50', 'NIFTY MIDSMALLCAP 400', 'NIFTY TOTAL MARKET', 'NIFTY500 MULTICAP 50:25:25']"
TRENT,"['NIFTY 200', 'NIFTY LARGEMIDCAP 250', 'NIFTY MIDCAP 100', 'NIFTY MIDCAP 150', 'NIFTY MIDCAP 50', 'NIFTY MIDCAP SELECT', 'NIFTY MIDSMALLCAP 400', 'NIFTY TOTAL MARKET', 'NIFTY500 MULTICAP 50:25:25']"
DELHIVERY,"['NIFTY 200', 'NIFTY LARGEMIDCAP 250', 'NIFTY MIDCAP 100', 'NIFTY MIDCAP 150', 'NIFTY MIDSMALLCAP 400', 'NIFTY TOTAL MARKET', 'NIFTY500 MULTICAP 50:25:25']"
BHARATFORG,"['NIFTY 200', 'NIFTY AUTO', 'NIFTY LARGEMIDCAP 250', 'NIFTY MIDCAP 100', 'NIFTY MIDCAP 150', 'NIFTY MIDCAP 50', 'NIFTY MIDCAP SELECT', 'NIFTY MIDSMALLCAP 400', 'NIFTY TOTAL MARKET', 'NIFTY500 MULTICAP 50:25:25']"
DALBHARAT,"['NIFTY 200', 'NIFTY LARGEMIDCAP 250', 'NIFTY MIDCAP 100', 'NIFTY MIDCAP 150', 'NIFTY MIDSMALLCAP 400', 'NIFTY TOTAL MARKET', 'NIFTY500 MULTICAP 50:25:25']"
DEEPAKNTR,"['NIFTY 200', 'NIFTY LARGEMIDCAP 250', 'NIFTY MIDCAP 100', 'NIFTY MIDCAP 150', 'NIFTY MIDSMALLCAP 400', 'NIFTY TOTAL MARKET', 'NIFTY500 MULTICAP 50:25:25']"
AUBANK,"['NIFTY 200', 'NIFTY BANK', 'NIFTY LARGEMIDCAP 250', 'NIFTY MIDCAP 100', 'NIFTY MIDCAP 150', 'NIFTY MIDCAP 50', 'NIFTY MIDCAP SELECT', 'NIFTY MIDSMALLCAP 400', 'NIFTY TOTAL MARKET', 'NIFTY500 MULTICAP 50:25:25']"
OFSS,"['NIFTY 200', 'NIFTY LARGEMIDCAP 250', 'NIFTY MIDCAP 100', 'NIFTY MIDCAP 150', 'NIFTY MIDCAP 50', 'NIFTY MIDSMALLCAP 400', 'NIFTY TOTAL MARKET', 'NIFTY500 MULTICAP 50:25:25']"
SYNGENE,"['NIFTY 200', 'NIFTY HEALTHCARE INDEX', 'NIFTY LARGEMIDCAP 250', 'NIFTY MIDCAP 100', 'NIFTY MIDCAP 150', 'NIFTY MIDSMALLCAP 400', 'NIFTY TOTAL MARKET', 'NIFTY500 MULTICAP 50:25:25']"
YESBANK,"['NIFTY 200', 'NIFTY LARGEMIDCAP 250', 'NIFTY MIDCAP 100', 'NIFTY MIDCAP 150', 'NIFTY MIDSMALLCAP 400', 'NIFTY TOTAL MARKET', 'NIFTY500 MULTICAP 50:25:25']"
CROMPTON,"['NIFTY 200', 'NIFTY CONSUMER DURABLES', 'NIFTY LARGEMIDCAP 250', 'NIFTY MIDCAP 100', 'NIFTY MIDCAP 150', 'NIFTY MIDSMALLCAP 400', 'NIFTY TOTAL MARKET', 'NIFTY500 MULTICAP 50:25:25']"
LUPIN,"['NIFTY 200', 'NIFTY HEALTHCARE INDEX', 'NIFTY LARGEMIDCAP 250', 'NIFTY MIDCAP 100', 'NIFTY MIDCAP 150', 'NIFTY MIDCAP 50', 'NIFTY MIDSMALLCAP 400', 'NIFTY PHARMA', 'NIFTY TOTAL MARKET', 'NIFTY500 MULTICAP 50:25:25']"
AWL,"['NIFTY 200', 'NIFTY LARGEMIDCAP 250', 'NIFTY MIDCAP 100', 'NIFTY MIDCAP 150', 'NIFTY MIDSMALLCAP 400', 'NIFTY TOTAL MARKET', 'NIFTY500 MULTICAP 50:25:25']"
GUJGASLTD,"['NIFTY 200', 'NIFTY LARGEMIDCAP 250', 'NIFTY MIDCAP 100', 'NIFTY MIDCAP 150', 'NIFTY MIDCAP 50', 'NIFTY MIDSMALLCAP 400', 'NIFTY OIL & GAS', 'NIFTY TOTAL MARKET', 'NIFTY500 MULTICAP 50:25:25']"
JINDALSTEL,"['NIFTY 200', 'NIFTY LARGEMIDCAP 250', 'NIFTY METAL', 'NIFTY MIDCAP 100', 'NIFTY MIDCAP 150', 'NIFTY MIDCAP 50', 'NIFTY MIDCAP SELECT', 'NIFTY MIDSMALLCAP 400', 'NIFTY TOTAL MARKET', 'NIFTY500 MULTICAP 50:25:25']"
LTTS,"['NIFTY 200', 'NIFTY IT', 'NIFTY LARGEMIDCAP 250', 'NIFTY MIDCAP 100', 'NIFTY MIDCAP 150', 'NIFTY MIDCAP 50', 'NIFTY MIDCAP SELECT', 'NIFTY MIDSMALLCAP 400', 'NIFTY TOTAL MARKET', 'NIFTY500 MULTICAP 50:25:25']"
CUMMINSIND,"['NIFTY 200', 'NIFTY LARGEMIDCAP 250', 'NIFTY MIDCAP 100', 'NIFTY MIDCAP 150', 'NIFTY MIDCAP 50', 'NIFTY MIDSMALLCAP 400', 'NIFTY TOTAL MARKET', 'NIFTY500 MULTICAP 50:25:25']"
SONACOMS,"['NIFTY 200', 'NIFTY AUTO', 'NIFTY LARGEMIDCAP 250', 'NIFTY MIDCAP 100', 'NIFTY MIDCAP 150', 'NIFTY MIDSMALLCAP 400', 'NIFTY TOTAL MARKET', 'NIFTY500 MULTICAP 50:25:25']"
COFORGE,"['NIFTY 200', 'NIFTY IT', 'NIFTY LARGEMIDCAP 250', 'NIFTY MIDCAP 100', 'NIFTY MIDCAP 150', 'NIFTY MIDCAP 50', 'NIFTY MIDSMALLCAP 400', 'NIFTY TOTAL MARKET', 'NIFTY500 MULTICAP 50:25:25']"
RAMCOCEM,"['NIFTY 200', 'NIFTY LARGEMIDCAP 250', 'NIFTY MIDCAP 100', 'NIFTY MIDCAP 150', 'NIFTY MIDSMALLCAP 400', 'NIFTY TOTAL MARKET', 'NIFTY500 MULTICAP 50:25:25']"
DIXON,"['NIFTY 200', 'NIFTY CONSUMER DURABLES', 'NIFTY LARGEMIDCAP 250', 'NIFTY MIDCAP 100', 'NIFTY MIDCAP 150', 'NIFTY MIDCAP SELECT', 'NIFTY MIDSMALLCAP 400', 'NIFTY TOTAL MARKET', 'NIFTY500 MULTICAP 50:25:25']"
HONAUT,"['NIFTY 200', 'NIFTY LARGEMIDCAP 250', 'NIFTY MIDCAP 100', 'NIFTY MIDCAP 150', 'NIFTY MIDCAP 50', 'NIFTY MIDSMALLCAP 400', 'NIFTY TOTAL MARKET', 'NIFTY500 MULTICAP 50:25:25']"
LINDEINDIA,"['NIFTY 200', 'NIFTY LARGEMIDCAP 250', 'NIFTY MIDCAP 100', 'NIFTY MIDCAP 150', 'NIFTY MIDSMALLCAP 400', 'NIFTY TOTAL MARKET', 'NIFTY500 MULTICAP 50:25:25']"
CANBK,"['NIFTY 200', 'NIFTY LARGEMIDCAP 250', 'NIFTY MIDCAP 100', 'NIFTY MIDCAP 150', 'NIFTY MIDCAP 50', 'NIFTY MIDSMALLCAP 400', 'NIFTY PSU BANK', 'NIFTY TOTAL MARKET', 'NIFTY500 MULTICAP 50:25:25']"
UBL,"['NIFTY 200', 'NIFTY FMCG', 'NIFTY LARGEMIDCAP 250', 'NIFTY MIDCAP 100', 'NIFTY MIDCAP 150', 'NIFTY MIDCAP 50', 'NIFTY MIDSMALLCAP 400', 'NIFTY TOTAL MARKET', 'NIFTY500 MULTICAP 50:25:25']"
FEDERALBNK,"['NIFTY 200', 'NIFTY BANK', 'NIFTY LARGEMIDCAP 250', 'NIFTY MIDCAP 100', 'NIFTY MIDCAP 150', 'NIFTY MIDCAP 50', 'NIFTY MIDSMALLCAP 400', 'NIFTY PRIVATE BANK', 'NIFTY TOTAL MARKET', 'NIFTY500 MULTICAP 50:25:25']"
ABB,"['NIFTY 200', 'NIFTY LARGEMIDCAP 250', 'NIFTY MIDCAP 100', 'NIFTY MIDCAP 150', 'NIFTY MIDCAP 50', 'NIFTY MIDCAP SELECT', 'NIFTY MIDSMALLCAP 400', 'NIFTY TOTAL MARKET', 'NIFTY500 MULTICAP 50:25:25']"
MAXHEALTH,"['NIFTY 200', 'NIFTY LARGEMIDCAP 250', 'NIFTY MIDCAP 100', 'NIFTY MIDCAP 150', 'NIFTY MIDSMALLCAP 400', 'NIFTY TOTAL MARKET', 'NIFTY500 MULTICAP 50:25:25']"
ALKEM,"['NIFTY 200', 'NIFTY HEALTHCARE INDEX', 'NIFTY LARGEMIDCAP 250', 'NIFTY MIDCAP 100', 'NIFTY MIDCAP 150', 'NIFTY MIDCAP 50', 'NIFTY MIDSMALLCAP 400', 'NIFTY PHARMA', 'NIFTY TOTAL MARKET', 'NIFTY500 MULTICAP 50:25:25']"
TIINDIA,"['NIFTY 200', 'NIFTY AUTO', 'NIFTY LARGEMIDCAP 250', 'NIFTY MIDCAP 100', 'NIFTY MIDCAP 150', 'NIFTY MIDSMALLCAP 400', 'NIFTY TOTAL MARKET', 'NIFTY500 MULTICAP 50:25:25']"
MSUMI,"['NIFTY 200', 'NIFTY LARGEMIDCAP 250', 'NIFTY MIDCAP 100', 'NIFTY MIDCAP 150', 'NIFTY MIDSMALLCAP 400', 'NIFTY TOTAL MARKET', 'NIFTY500 MULTICAP 50:25:25']"
TVSMOTOR,"['NIFTY 200', 'NIFTY AUTO', 'NIFTY LARGEMIDCAP 250', 'NIFTY MIDCAP 100', 'NIFTY MIDCAP 150', 'NIFTY MIDCAP 50', 'NIFTY MIDCAP SELECT', 'NIFTY MIDSMALLCAP 400', 'NIFTY TOTAL MARKET', 'NIFTY500 MULTICAP 50:25:25']"
INDIANB,"['NIFTY 200', 'NIFTY LARGEMIDCAP 250', 'NIFTY MIDCAP 100', 'NIFTY MIDCAP 150', 'NIFTY MIDSMALLCAP 400', 'NIFTY PSU BANK', 'NIFTY TOTAL MARKET', 'NIFTY500 MULTICAP 50:25:25']"
VBL,"['NIFTY 200', 'NIFTY FMCG', 'NIFTY LARGEMIDCAP 250', 'NIFTY MIDCAP 100', 'NIFTY MIDCAP 150', 'NIFTY MIDSMALLCAP 400', 'NIFTY TOTAL MARKET', 'NIFTY500 MULTICAP 50:25:25']"
UNIONBANK,"['NIFTY 200', 'NIFTY LARGEMIDCAP 250', 'NIFTY MIDCAP 100', 'NIFTY MIDCAP 150', 'NIFTY MIDSMALLCAP 400', 'NIFTY PSU BANK', 'NIFTY TOTAL MARKET', 'NIFTY500 MULTICAP 50:25:25']"
SRTRANSFIN,"['NIFTY 200', 'NIFTY FINANCIAL SERVICES 25/50', 'NIFTY FINANCIAL SERVICES', 'NIFTY LARGEMIDCAP 250', 'NIFTY MIDCAP 100', 'NIFTY MIDCAP 150', 'NIFTY MIDCAP 50', 'NIFTY MIDCAP SELECT', 'NIFTY MIDSMALLCAP 400', 'NIFTY TOTAL MARKET', 'NIFTY500 MULTICAP 50:25:25']"
RAJESHEXPO,"['NIFTY CONSUMER DURABLES', 'NIFTY LARGEMIDCAP 250', 'NIFTY MIDCAP 150', 'NIFTY MIDSMALLCAP 400', 'NIFTY TOTAL MARKET', 'NIFTY500 MULTICAP 50:25:25']"
KAJARIACER,"['NIFTY CONSUMER DURABLES', 'NIFTY LARGEMIDCAP 250', 'NIFTY MIDCAP 150', 'NIFTY MIDSMALLCAP 400', 'NIFTY TOTAL MARKET', 'NIFTY500 MULTICAP 50:25:25']"
RELAXO,"['NIFTY CONSUMER DURABLES', 'NIFTY LARGEMIDCAP 250', 'NIFTY MIDCAP 150', 'NIFTY MIDSMALLCAP 400', 'NIFTY TOTAL MARKET', 'NIFTY500 MULTICAP 50:25:25']"
VGUARD,"['NIFTY CONSUMER DURABLES', 'NIFTY MIDSMALLCAP 400', 'NIFTY SMALLCAP 250', 'NIFTY TOTAL MARKET', 'NIFTY500 MULTICAP 50:25:25']"
BLUESTARCO,"['NIFTY CONSUMER DURABLES', 'NIFTY MIDSMALLCAP 400', 'NIFTY SMALLCAP 250', 'NIFTY TOTAL MARKET', 'NIFTY500 MULTICAP 50:25:25']"
TTKPRESTIG,"['NIFTY CONSUMER DURABLES', 'NIFTY MIDSMALLCAP 400', 'NIFTY SMALLCAP 250', 'NIFTY TOTAL MARKET', 'NIFTY500 MULTICAP 50:25:25']"
AMBER,"['NIFTY CONSUMER DURABLES', 'NIFTY MIDSMALLCAP 400', 'NIFTY SMALLCAP 100', 'NIFTY SMALLCAP 250', 'NIFTY SMALLCAP 50', 'NIFTY TOTAL MARKET', 'NIFTY500 MULTICAP 50:25:25']"
ORIENTELEC,"['NIFTY CONSUMER DURABLES', 'NIFTY MIDSMALLCAP 400', 'NIFTY SMALLCAP 250', 'NIFTY TOTAL MARKET', 'NIFTY500 MULTICAP 50:25:25']"
RADICO,"['NIFTY FMCG', 'NIFTY MIDSMALLCAP 400', 'NIFTY SMALLCAP 100', 'NIFTY SMALLCAP 250', 'NIFTY SMALLCAP 50', 'NIFTY TOTAL MARKET', 'NIFTY500 MULTICAP 50:25:25']"
GLENMARK,"['NIFTY HEALTHCARE INDEX', 'NIFTY MIDSMALLCAP 400', 'NIFTY PHARMA', 'NIFTY SMALLCAP 100', 'NIFTY SMALLCAP 250', 'NIFTY TOTAL MARKET', 'NIFTY500 MULTICAP 50:25:25']"
METROPOLIS,"['NIFTY HEALTHCARE INDEX', 'NIFTY MIDSMALLCAP 400', 'NIFTY SMALLCAP 100', 'NIFTY SMALLCAP 250', 'NIFTY SMALLCAP 50', 'NIFTY TOTAL MARKET', 'NIFTY500 MULTICAP 50:25:25']"
GRANULES,"['NIFTY HEALTHCARE INDEX', 'NIFTY MIDSMALLCAP 400', 'NIFTY PHARMA', 'NIFTY SMALLCAP 100', 'NIFTY SMALLCAP 250', 'NIFTY TOTAL MARKET', 'NIFTY500 MULTICAP 50:25:25']"
GMRINFRA,"['NIFTY LARGEMIDCAP 250', 'NIFTY MIDCAP 150', 'NIFTY MIDSMALLCAP 400', 'NIFTY TOTAL MARKET', 'NIFTY500 MULTICAP 50:25:25']"
STARHEALTH,"['NIFTY LARGEMIDCAP 250', 'NIFTY MIDCAP 150', 'NIFTY MIDSMALLCAP 400', 'NIFTY TOTAL MARKET', 'NIFTY500 MULTICAP 50:25:25']"
SANOFI,"['NIFTY LARGEMIDCAP 250', 'NIFTY MIDCAP 150', 'NIFTY MIDSMALLCAP 400', 'NIFTY PHARMA', 'NIFTY TOTAL MARKET', 'NIFTY500 MULTICAP 50:25:25']"
IRFC,"['NIFTY LARGEMIDCAP 250', 'NIFTY MIDCAP 150', 'NIFTY MIDSMALLCAP 400', 'NIFTY TOTAL MARKET', 'NIFTY500 MULTICAP 50:25:25']"
ATUL,"['NIFTY LARGEMIDCAP 250', 'NIFTY MIDCAP 150', 'NIFTY MIDSMALLCAP 400', 'NIFTY TOTAL MARKET', 'NIFTY500 MULTICAP 50:25:25']"
GLAXO,"['NIFTY LARGEMIDCAP 250', 'NIFTY MIDCAP 150', 'NIFTY MIDSMALLCAP 400', 'NIFTY PHARMA', 'NIFTY TOTAL MARKET', 'NIFTY500 MULTICAP 50:25:25']"
SUPREMEIND,"['NIFTY LARGEMIDCAP 250', 'NIFTY MIDCAP 150', 'NIFTY MIDSMALLCAP 400', 'NIFTY TOTAL MARKET', 'NIFTY500 MULTICAP 50:25:25']"
JKCEMENT,"['NIFTY LARGEMIDCAP 250', 'NIFTY MIDCAP 150', 'NIFTY MIDSMALLCAP 400', 'NIFTY TOTAL MARKET', 'NIFTY500 MULTICAP 50:25:25']"
ALKYLAMINE,"['NIFTY LARGEMIDCAP 250', 'NIFTY MIDCAP 150', 'NIFTY MIDSMALLCAP 400', 'NIFTY TOTAL MARKET', 'NIFTY500 MULTICAP 50:25:25']"
MANYAVAR,"['NIFTY LARGEMIDCAP 250', 'NIFTY MIDCAP 150', 'NIFTY MIDSMALLCAP 400', 'NIFTY TOTAL MARKET', 'NIFTY500 MULTICAP 50:25:25']"
GODREJIND,"['NIFTY LARGEMIDCAP 250', 'NIFTY MIDCAP 150', 'NIFTY MIDSMALLCAP 400', 'NIFTY TOTAL MARKET', 'NIFTY500 MULTICAP 50:25:25']"
CGPOWER,"['NIFTY LARGEMIDCAP 250', 'NIFTY MIDCAP 150', 'NIFTY MIDSMALLCAP 400', 'NIFTY TOTAL MARKET', 'NIFTY500 MULTICAP 50:25:25']"
LODHA,"['NIFTY LARGEMIDCAP 250', 'NIFTY MIDCAP 150', 'NIFTY MIDSMALLCAP 400', 'NIFTY REALTY', 'NIFTY TOTAL MARKET', 'NIFTY500 MULTICAP 50:25:25']"
HAPPSTMNDS,"['NIFTY LARGEMIDCAP 250', 'NIFTY MIDCAP 150', 'NIFTY MIDSMALLCAP 400', 'NIFTY TOTAL MARKET', 'NIFTY500 MULTICAP 50:25:25']"
AJANTPHARM,"['NIFTY LARGEMIDCAP 250', 'NIFTY MIDCAP 150', 'NIFTY MIDSMALLCAP 400', 'NIFTY TOTAL MARKET', 'NIFTY500 MULTICAP 50:25:25']"
KANSAINER,"['NIFTY LARGEMIDCAP 250', 'NIFTY MIDCAP 150', 'NIFTY MIDSMALLCAP 400', 'NIFTY TOTAL MARKET', 'NIFTY500 MULTICAP 50:25:25']"
ENDURANCE,"['NIFTY LARGEMIDCAP 250', 'NIFTY MIDCAP 150', 'NIFTY MIDSMALLCAP 400', 'NIFTY TOTAL MARKET', 'NIFTY500 MULTICAP 50:25:25']"
NHPC,"['NIFTY LARGEMIDCAP 250', 'NIFTY MIDCAP 150', 'NIFTY MIDSMALLCAP 400', 'NIFTY TOTAL MARKET', 'NIFTY500 MULTICAP 50:25:25']"
PFIZER,"['NIFTY LARGEMIDCAP 250', 'NIFTY MIDCAP 150', 'NIFTY MIDSMALLCAP 400', 'NIFTY PHARMA', 'NIFTY TOTAL MARKET', 'NIFTY500 MULTICAP 50:25:25']"
AFFLE,"['NIFTY LARGEMIDCAP 250', 'NIFTY MIDCAP 150', 'NIFTY MIDSMALLCAP 400', 'NIFTY TOTAL MARKET', 'NIFTY500 MULTICAP 50:25:25']"
GICRE,"['NIFTY LARGEMIDCAP 250', 'NIFTY MIDCAP 150', 'NIFTY MIDSMALLCAP 400', 'NIFTY TOTAL MARKET', 'NIFTY500 MULTICAP 50:25:25']"
AAVAS,"['NIFTY LARGEMIDCAP 250', 'NIFTY MIDCAP 150', 'NIFTY MIDSMALLCAP 400', 'NIFTY TOTAL MARKET', 'NIFTY500 MULTICAP 50:25:25']"
THERMAX,"['NIFTY LARGEMIDCAP 250', 'NIFTY MIDCAP 150', 'NIFTY MIDSMALLCAP 400', 'NIFTY TOTAL MARKET', 'NIFTY500 MULTICAP 50:25:25']"
DEVYANI,"['NIFTY LARGEMIDCAP 250', 'NIFTY MIDCAP 150', 'NIFTY MIDSMALLCAP 400', 'NIFTY TOTAL MARKET', 'NIFTY500 MULTICAP 50:25:25']"
PHOENIXLTD,"['NIFTY LARGEMIDCAP 250', 'NIFTY MIDCAP 150', 'NIFTY MIDSMALLCAP 400', 'NIFTY REALTY', 'NIFTY TOTAL MARKET', 'NIFTY500 MULTICAP 50:25:25']"
HATSUN,"['NIFTY LARGEMIDCAP 250', 'NIFTY MIDCAP 150', 'NIFTY MIDSMALLCAP 400', 'NIFTY TOTAL MARKET', 'NIFTY500 MULTICAP 50:25:25']"
NATCOPHARM,"['NIFTY LARGEMIDCAP 250', 'NIFTY MIDCAP 150', 'NIFTY MIDSMALLCAP 400', 'NIFTY PHARMA', 'NIFTY TOTAL MARKET', 'NIFTY500 MULTICAP 50:25:25']"
VINATIORGA,"['NIFTY LARGEMIDCAP 250', 'NIFTY MIDCAP 150', 'NIFTY MIDSMALLCAP 400', 'NIFTY TOTAL MARKET', 'NIFTY500 MULTICAP 50:25:25']"
NIACL,"['NIFTY LARGEMIDCAP 250', 'NIFTY MIDCAP 150', 'NIFTY MIDSMALLCAP 400', 'NIFTY TOTAL MARKET', 'NIFTY500 MULTICAP 50:25:25']"
APLLTD,"['NIFTY LARGEMIDCAP 250', 'NIFTY MIDCAP 150', 'NIFTY MIDSMALLCAP 400', 'NIFTY TOTAL MARKET', 'NIFTY500 MULTICAP 50:25:25']"
CRISIL,"['NIFTY LARGEMIDCAP 250', 'NIFTY MIDCAP 150', 'NIFTY MIDSMALLCAP 400', 'NIFTY TOTAL MARKET', 'NIFTY500 MULTICAP 50:25:25']"
SKFINDIA,"['NIFTY LARGEMIDCAP 250', 'NIFTY MIDCAP 150', 'NIFTY MIDSMALLCAP 400', 'NIFTY TOTAL MARKET', 'NIFTY500 MULTICAP 50:25:25']"
3MINDIA,"['NIFTY LARGEMIDCAP 250', 'NIFTY MIDCAP 150', 'NIFTY MIDSMALLCAP 400', 'NIFTY TOTAL MARKET', 'NIFTY500 MULTICAP 50:25:25']"
GRINDWELL,"['NIFTY LARGEMIDCAP 250', 'NIFTY MIDCAP 150', 'NIFTY MIDSMALLCAP 400', 'NIFTY TOTAL MARKET', 'NIFTY500 MULTICAP 50:25:25']"
SUMICHEM,"['NIFTY LARGEMIDCAP 250', 'NIFTY MIDCAP 150', 'NIFTY MIDSMALLCAP 400', 'NIFTY TOTAL MARKET', 'NIFTY500 MULTICAP 50:25:25']"
SUNDARMFIN,"['NIFTY LARGEMIDCAP 250', 'NIFTY MIDCAP 150', 'NIFTY MIDSMALLCAP 400', 'NIFTY TOTAL MARKET', 'NIFTY500 MULTICAP 50:25:25']"
FLUOROCHEM,"['NIFTY LARGEMIDCAP 250', 'NIFTY MIDCAP 150', 'NIFTY MIDSMALLCAP 400', 'NIFTY TOTAL MARKET', 'NIFTY500 MULTICAP 50:25:25']"
BAYERCROP,"['NIFTY LARGEMIDCAP 250', 'NIFTY MIDCAP 150', 'NIFTY MIDSMALLCAP 400', 'NIFTY TOTAL MARKET', 'NIFTY500 MULTICAP 50:25:25']"
SUNDRMFAST,"['NIFTY LARGEMIDCAP 250', 'NIFTY MIDCAP 150', 'NIFTY MIDSMALLCAP 400', 'NIFTY TOTAL MARKET', 'NIFTY500 MULTICAP 50:25:25']"
BLUEDART,"['NIFTY LARGEMIDCAP 250', 'NIFTY MIDCAP 150', 'NIFTY MIDSMALLCAP 400', 'NIFTY TOTAL MARKET', 'NIFTY500 MULTICAP 50:25:25']"
KPRMILL,"['NIFTY LARGEMIDCAP 250', 'NIFTY MIDCAP 150', 'NIFTY MIDSMALLCAP 400', 'NIFTY TOTAL MARKET', 'NIFTY500 MULTICAP 50:25:25']"
ZFCVINDIA,"['NIFTY LARGEMIDCAP 250', 'NIFTY MIDCAP 150', 'NIFTY MIDSMALLCAP 400', 'NIFTY TOTAL MARKET', 'NIFTY500 MULTICAP 50:25:25']"
APLAPOLLO,"['NIFTY LARGEMIDCAP 250', 'NIFTY METAL', 'NIFTY MIDCAP 150', 'NIFTY MIDSMALLCAP 400', 'NIFTY TOTAL MARKET', 'NIFTY500 MULTICAP 50:25:25']"
SCHAEFFLER,"['NIFTY LARGEMIDCAP 250', 'NIFTY MIDCAP 150', 'NIFTY MIDSMALLCAP 400', 'NIFTY TOTAL MARKET', 'NIFTY500 MULTICAP 50:25:25']"
AIAENG,"['NIFTY LARGEMIDCAP 250', 'NIFTY MIDCAP 150', 'NIFTY MIDSMALLCAP 400', 'NIFTY TOTAL MARKET', 'NIFTY500 MULTICAP 50:25:25']"
UNOMINDA,"['NIFTY LARGEMIDCAP 250', 'NIFTY MIDCAP 150', 'NIFTY MIDSMALLCAP 400', 'NIFTY TOTAL MARKET', 'NIFTY500 MULTICAP 50:25:25']"
SOLARINDS,"['NIFTY LARGEMIDCAP 250', 'NIFTY MIDCAP 150', 'NIFTY MIDSMALLCAP 400', 'NIFTY TOTAL MARKET', 'NIFTY500 MULTICAP 50:25:25']"
DISHTV,"['NIFTY MEDIA', 'NIFTY MICROCAP 250', 'NIFTY TOTAL MARKET']"
NETWORK18,"['NIFTY MEDIA', 'NIFTY MIDSMALLCAP 400', 'NIFTY SMALLCAP 100', 'NIFTY SMALLCAP 250', 'NIFTY TOTAL MARKET', 'NIFTY500 MULTICAP 50:25:25']"
TV18BRDCST,"['NIFTY MEDIA', 'NIFTY MIDSMALLCAP 400', 'NIFTY SMALLCAP 100', 'NIFTY SMALLCAP 250', 'NIFTY SMALLCAP 50', 'NIFTY TOTAL MARKET', 'NIFTY500 MULTICAP 50:25:25']"
PVR,"['NIFTY MEDIA', 'NIFTY MIDSMALLCAP 400', 'NIFTY SMALLCAP 100', 'NIFTY SMALLCAP 250', 'NIFTY SMALLCAP 50', 'NIFTY TOTAL MARKET', 'NIFTY500 MULTICAP 50:25:25']"
INOXLEISUR,"['NIFTY MEDIA', 'NIFTY MIDSMALLCAP 400', 'NIFTY SMALLCAP 250', 'NIFTY TOTAL MARKET', 'NIFTY500 MULTICAP 50:25:25']"
HATHWAY,"['NIFTY MEDIA', 'NIFTY MICROCAP 250', 'NIFTY TOTAL MARKET']"
SAREGAMA,"['NIFTY MEDIA', 'NIFTY MIDSMALLCAP 400', 'NIFTY SMALLCAP 250', 'NIFTY TOTAL MARKET', 'NIFTY500 MULTICAP 50:25:25']"
NAZARA,"['NIFTY MEDIA', 'NIFTY MIDSMALLCAP 400', 'NIFTY SMALLCAP 250', 'NIFTY TOTAL MARKET', 'NIFTY500 MULTICAP 50:25:25']"
WELCORP,"['NIFTY METAL', 'NIFTY MIDSMALLCAP 400', 'NIFTY SMALLCAP 250', 'NIFTY TOTAL MARKET', 'NIFTY500 MULTICAP 50:25:25']"
JSL,"['NIFTY METAL', 'NIFTY MIDSMALLCAP 400', 'NIFTY SMALLCAP 100', 'NIFTY SMALLCAP 250', 'NIFTY TOTAL MARKET', 'NIFTY500 MULTICAP 50:25:25']"
HINDCOPPER,"['NIFTY METAL', 'NIFTY MIDSMALLCAP 400', 'NIFTY SMALLCAP 100', 'NIFTY SMALLCAP 250', 'NIFTY SMALLCAP 50', 'NIFTY TOTAL MARKET', 'NIFTY500 MULTICAP 50:25:25']"
MOIL,"['NIFTY METAL', 'NIFTY MIDSMALLCAP 400', 'NIFTY SMALLCAP 250', 'NIFTY TOTAL MARKET', 'NIFTY500 MULTICAP 50:25:25']"
RATNAMANI,"['NIFTY METAL', 'NIFTY MIDSMALLCAP 400', 'NIFTY SMALLCAP 250', 'NIFTY TOTAL MARKET', 'NIFTY500 MULTICAP 50:25:25']"
PANAMAPET,"['NIFTY MICROCAP 250', 'NIFTY TOTAL MARKET']"
RELIGARE,"['NIFTY MICROCAP 250', 'NIFTY TOTAL MARKET']"
SOUTHBANK,"['NIFTY MICROCAP 250', 'NIFTY TOTAL MARKET']"
RESPONIND,"['NIFTY MICROCAP 250', 'NIFTY TOTAL MARKET']"
RATEGAIN,"['NIFTY MICROCAP 250', 'NIFTY TOTAL MARKET']"
MIDHANI,"['NIFTY MICROCAP 250', 'NIFTY TOTAL MARKET']"
RELINFRA,"['NIFTY MICROCAP 250', 'NIFTY TOTAL MARKET']"
RPSGVENT,"['NIFTY MICROCAP 250', 'NIFTY TOTAL MARKET']"
RPOWER,"['NIFTY MICROCAP 250', 'NIFTY TOTAL MARKET']"
EVEREADY,"['NIFTY MICROCAP 250', 'NIFTY TOTAL MARKET']"
KIRIINDUS,"['NIFTY MICROCAP 250', 'NIFTY TOTAL MARKET']"
DFMFOODS,"['NIFTY MICROCAP 250', 'NIFTY TOTAL MARKET']"
SOMANYCERA,"['NIFTY MICROCAP 250', 'NIFTY TOTAL MARKET']"
CARERATING,"['NIFTY MICROCAP 250', 'NIFTY TOTAL MARKET']"
ACE,"['NIFTY MICROCAP 250', 'NIFTY TOTAL MARKET']"
NEOGEN,"['NIFTY MICROCAP 250', 'NIFTY TOTAL MARKET']"
HBLPOWER,"['NIFTY MICROCAP 250', 'NIFTY TOTAL MARKET']"
HNDFDS,"['NIFTY MICROCAP 250', 'NIFTY TOTAL MARKET']"
LEMONTREE,"['NIFTY MICROCAP 250', 'NIFTY TOTAL MARKET']"
OMAXE,"['NIFTY MICROCAP 250', 'NIFTY TOTAL MARKET']"
MARKSANS,"['NIFTY MICROCAP 250', 'NIFTY TOTAL MARKET']"
BEPL,"['NIFTY MICROCAP 250', 'NIFTY TOTAL MARKET']"
GUFICBIO,"['NIFTY MICROCAP 250', 'NIFTY TOTAL MARKET']"
KCP,"['NIFTY MICROCAP 250', 'NIFTY TOTAL MARKET']"
BFUTILITIE,"['NIFTY MICROCAP 250', 'NIFTY TOTAL MARKET']"
POKARNA,"['NIFTY MICROCAP 250', 'NIFTY TOTAL MARKET']"
VOLTAMP,"['NIFTY MICROCAP 250', 'NIFTY TOTAL MARKET']"
EKC,"['NIFTY MICROCAP 250', 'NIFTY TOTAL MARKET']"
RAILTEL,"['NIFTY MICROCAP 250', 'NIFTY TOTAL MARKET']"
GATI,"['NIFTY MICROCAP 250', 'NIFTY TOTAL MARKET']"
SANSERA,"['NIFTY MICROCAP 250', 'NIFTY TOTAL MARKET']"
IRCON,"['NIFTY MICROCAP 250', 'NIFTY TOTAL MARKET']"
MOLDTKPAC,"['NIFTY MICROCAP 250', 'NIFTY TOTAL MARKET']"
DOLATALGO,"['NIFTY MICROCAP 250', 'NIFTY TOTAL MARKET']"
BAJAJHIND,"['NIFTY MICROCAP 250', 'NIFTY TOTAL MARKET']"
SHK,"['NIFTY MICROCAP 250', 'NIFTY TOTAL MARKET']"
SCHNEIDER,"['NIFTY MICROCAP 250', 'NIFTY TOTAL MARKET']"
NAVA,"['NIFTY MICROCAP 250', 'NIFTY TOTAL MARKET']"
MMFL,"['NIFTY MICROCAP 250', 'NIFTY TOTAL MARKET']"
IONEXCHANG,"['NIFTY MICROCAP 250', 'NIFTY TOTAL MARKET']"
UJJIVANSFB,"['NIFTY MICROCAP 250', 'NIFTY TOTAL MARKET']"
JPPOWER,"['NIFTY MICROCAP 250', 'NIFTY TOTAL MARKET']"
GOODYEAR,"['NIFTY MICROCAP 250', 'NIFTY TOTAL MARKET']"
CAMLINFINE,"['NIFTY MICROCAP 250', 'NIFTY TOTAL MARKET']"
ADVENZYMES,"['NIFTY MICROCAP 250', 'NIFTY TOTAL MARKET']"
APOLLOPIPE,"['NIFTY MICROCAP 250', 'NIFTY TOTAL MARKET']"
MSTCLTD,"['NIFTY MICROCAP 250', 'NIFTY TOTAL MARKET']"
EMUDHRA,"['NIFTY MICROCAP 250', 'NIFTY TOTAL MARKET']"
JKTYRE,"['NIFTY MICROCAP 250', 'NIFTY TOTAL MARKET']"
DEN,"['NIFTY MICROCAP 250', 'NIFTY TOTAL MARKET']"
SHAREINDIA,"['NIFTY MICROCAP 250', 'NIFTY TOTAL MARKET']"
VESUVIUS,"['NIFTY MICROCAP 250', 'NIFTY TOTAL MARKET']"
GREAVESCOT,"['NIFTY MICROCAP 250', 'NIFTY TOTAL MARKET']"
GMDCLTD,"['NIFTY MICROCAP 250', 'NIFTY TOTAL MARKET']"
HSCL,"['NIFTY MICROCAP 250', 'NIFTY TOTAL MARKET']"
ETHOSLTD,"['NIFTY MICROCAP 250', 'NIFTY TOTAL MARKET']"
IIFLSEC,"['NIFTY MICROCAP 250', 'NIFTY TOTAL MARKET']"
IFCI,"['NIFTY MICROCAP 250', 'NIFTY TOTAL MARKET']"
GABRIEL,"['NIFTY MICROCAP 250', 'NIFTY TOTAL MARKET']"
INDORAMA,"['NIFTY MICROCAP 250', 'NIFTY TOTAL MARKET']"
DBREALTY,"['NIFTY MICROCAP 250', 'NIFTY TOTAL MARKET']"
IMFA,"['NIFTY MICROCAP 250', 'NIFTY TOTAL MARKET']"
NEWGEN,"['NIFTY MICROCAP 250', 'NIFTY TOTAL MARKET']"
HCG,"['NIFTY MICROCAP 250', 'NIFTY TOTAL MARKET']"
TECHNOE,"['NIFTY MICROCAP 250', 'NIFTY TOTAL MARKET']"
TATAMETALI,"['NIFTY MICROCAP 250', 'NIFTY TOTAL MARKET']"
SUPRIYA,"['NIFTY MICROCAP 250', 'NIFTY TOTAL MARKET']"
SUNCLAYLTD,"['NIFTY MICROCAP 250', 'NIFTY TOTAL MARKET']"
DWARKESH,"['NIFTY MICROCAP 250', 'NIFTY TOTAL MARKET']"
BARBEQUE,"['NIFTY MICROCAP 250', 'NIFTY TOTAL MARKET']"
KRSNAA,"['NIFTY MICROCAP 250', 'NIFTY TOTAL MARKET']"
GOKEX,"['NIFTY MICROCAP 250', 'NIFTY TOTAL MARKET']"
VRLLOG,"['NIFTY MICROCAP 250', 'NIFTY TOTAL MARKET']"
CHENNPETRO,"['NIFTY MICROCAP 250', 'NIFTY TOTAL MARKET']"
TATASTLLP,"['NIFTY MICROCAP 250', 'NIFTY TOTAL MARKET']"
ASHOKA,"['NIFTY MICROCAP 250', 'NIFTY TOTAL MARKET']"
PAISALO,"['NIFTY MICROCAP 250', 'NIFTY TOTAL MARKET']"
RTNPOWER,"['NIFTY MICROCAP 250', 'NIFTY TOTAL MARKET']"
ARVINDFASN,"['NIFTY MICROCAP 250', 'NIFTY TOTAL MARKET']"
ELECTCAST,"['NIFTY MICROCAP 250', 'NIFTY TOTAL MARKET']"
GREENPLY,"['NIFTY MICROCAP 250', 'NIFTY TOTAL MARKET']"
ELECON,"['NIFTY MICROCAP 250', 'NIFTY TOTAL MARKET']"
INDOSTAR,"['NIFTY MICROCAP 250', 'NIFTY TOTAL MARKET']"
NEULANDLAB,"['NIFTY MICROCAP 250', 'NIFTY TOTAL MARKET']"
STOVEKRAFT,"['NIFTY MICROCAP 250', 'NIFTY TOTAL MARKET']"
MANINFRA,"['NIFTY MICROCAP 250', 'NIFTY TOTAL MARKET']"
ICIL,"['NIFTY MICROCAP 250', 'NIFTY TOTAL MARKET']"
JAICORPLTD,"['NIFTY MICROCAP 250', 'NIFTY TOTAL MARKET']"
KTKBANK,"['NIFTY MICROCAP 250', 'NIFTY TOTAL MARKET']"
COSMOFIRST,"['NIFTY MICROCAP 250', 'NIFTY TOTAL MARKET']"
MATRIMONY,"['NIFTY MICROCAP 250', 'NIFTY TOTAL MARKET']"
INOXWIND,"['NIFTY MICROCAP 250', 'NIFTY TOTAL MARKET']"
TINPLATE,"['NIFTY MICROCAP 250', 'NIFTY TOTAL MARKET']"
JCHAC,"['NIFTY MICROCAP 250', 'NIFTY TOTAL MARKET']"
VIDHIING,"['NIFTY MICROCAP 250', 'NIFTY TOTAL MARKET']"
NESCO,"['NIFTY MICROCAP 250', 'NIFTY TOTAL MARKET']"
SARDAEN,"['NIFTY MICROCAP 250', 'NIFTY TOTAL MARKET']"
GLS,"['NIFTY MICROCAP 250', 'NIFTY TOTAL MARKET']"
MOREPENLAB,"['NIFTY MICROCAP 250', 'NIFTY TOTAL MARKET']"
JSWISPL,"['NIFTY MICROCAP 250', 'NIFTY TOTAL MARKET']"
OPTIEMUS,"['NIFTY MICROCAP 250', 'NIFTY TOTAL MARKET']"
SPICEJET,"['NIFTY MICROCAP 250', 'NIFTY TOTAL MARKET']"
GRAVITA,"['NIFTY MICROCAP 250', 'NIFTY TOTAL MARKET']"
BUTTERFLY,"['NIFTY MICROCAP 250', 'NIFTY TOTAL MARKET']"
ARVIND,"['NIFTY MICROCAP 250', 'NIFTY TOTAL MARKET']"
RKFORGE,"['NIFTY MICROCAP 250', 'NIFTY TOTAL MARKET']"
BLS,"['NIFTY MICROCAP 250', 'NIFTY TOTAL MARKET']"
SEQUENT,"['NIFTY MICROCAP 250', 'NIFTY TOTAL MARKET']"
BALMLAWRIE,"['NIFTY MICROCAP 250', 'NIFTY TOTAL MARKET']"
THOMASCOOK,"['NIFTY MICROCAP 250', 'NIFTY TOTAL MARKET']"
APARINDS,"['NIFTY MICROCAP 250', 'NIFTY TOTAL MARKET']"
TARSONS,"['NIFTY MICROCAP 250', 'NIFTY TOTAL MARKET']"
VAKRANGEE,"['NIFTY MICROCAP 250', 'NIFTY TOTAL MARKET']"
SSWL,"['NIFTY MICROCAP 250', 'NIFTY TOTAL MARKET']"
AMRUTANJAN,"['NIFTY MICROCAP 250', 'NIFTY TOTAL MARKET']"
DCBBANK,"['NIFTY MICROCAP 250', 'NIFTY TOTAL MARKET']"
JKIL,"['NIFTY MICROCAP 250', 'NIFTY TOTAL MARKET']"
DATAMATICS,"['NIFTY MICROCAP 250', 'NIFTY TOTAL MARKET']"
AUTOAXLES,"['NIFTY MICROCAP 250', 'NIFTY TOTAL MARKET']"
LGBBROSLTD,"['NIFTY MICROCAP 250', 'NIFTY TOTAL MARKET']"
DCAL,"['NIFTY MICROCAP 250', 'NIFTY TOTAL MARKET']"
BECTORFOOD,"['NIFTY MICROCAP 250', 'NIFTY TOTAL MARKET']"
BOMDYEING,"['NIFTY MICROCAP 250', 'NIFTY TOTAL MARKET']"
INDIAGLYCO,"['NIFTY MICROCAP 250', 'NIFTY TOTAL MARKET']"
DAAWAT,"['NIFTY MICROCAP 250', 'NIFTY TOTAL MARKET']"
ANANDRATHI,"['NIFTY MICROCAP 250', 'NIFTY TOTAL MARKET']"
J_KBANK,"['NIFTY MICROCAP 250', 'NIFTY TOTAL MARKET']"
CHOICEIN,"['NIFTY MICROCAP 250', 'NIFTY TOTAL MARKET']"
KOLTEPATIL,"['NIFTY MICROCAP 250', 'NIFTY TOTAL MARKET']"
GANESHHOUC,"['NIFTY MICROCAP 250', 'NIFTY TOTAL MARKET']"
TIDEWATER,"['NIFTY MICROCAP 250', 'NIFTY TOTAL MARKET']"
RUPA,"['NIFTY MICROCAP 250', 'NIFTY TOTAL MARKET']"
WABAG,"['NIFTY MICROCAP 250', 'NIFTY TOTAL MARKET']"
IPL,"['NIFTY MICROCAP 250', 'NIFTY TOTAL MARKET']"
TIIL,"['NIFTY MICROCAP 250', 'NIFTY TOTAL MARKET']"
GEOJITFSL,"['NIFTY MICROCAP 250', 'NIFTY TOTAL MARKET']"
ORIENTCEM,"['NIFTY MICROCAP 250', 'NIFTY TOTAL MARKET']"
TIMETECHNO,"['NIFTY MICROCAP 250', 'NIFTY TOTAL MARKET']"
VSTTILLERS,"['NIFTY MICROCAP 250', 'NIFTY TOTAL MARKET']"
TVTODAY,"['NIFTY MICROCAP 250', 'NIFTY TOTAL MARKET']"
DOLLAR,"['NIFTY MICROCAP 250', 'NIFTY TOTAL MARKET']"
HERANBA,"['NIFTY MICROCAP 250', 'NIFTY TOTAL MARKET']"
PRUDENT,"['NIFTY MICROCAP 250', 'NIFTY TOTAL MARKET']"
FCL,"['NIFTY MICROCAP 250', 'NIFTY TOTAL MARKET']"
JINDALPOLY,"['NIFTY MICROCAP 250', 'NIFTY TOTAL MARKET']"
KSCL,"['NIFTY MICROCAP 250', 'NIFTY TOTAL MARKET']"
IOLCP,"['NIFTY MICROCAP 250', 'NIFTY TOTAL MARKET']"
PARAS,"['NIFTY MICROCAP 250', 'NIFTY TOTAL MARKET']"
STAR,"['NIFTY MICROCAP 250', 'NIFTY TOTAL MARKET']"
MAITHANALL,"['NIFTY MICROCAP 250', 'NIFTY TOTAL MARKET']"
GTLINFRA,"['NIFTY MICROCAP 250', 'NIFTY TOTAL MARKET']"
BOROLTD,"['NIFTY MICROCAP 250', 'NIFTY TOTAL MARKET']"
GATEWAY,"['NIFTY MICROCAP 250', 'NIFTY TOTAL MARKET']"
STEELXIND,"['NIFTY MICROCAP 250', 'NIFTY TOTAL MARKET']"
HGINFRA,"['NIFTY MICROCAP 250', 'NIFTY TOTAL MARKET']"
MOL,"['NIFTY MICROCAP 250', 'NIFTY TOTAL MARKET']"
VENKEYS,"['NIFTY MICROCAP 250', 'NIFTY TOTAL MARKET']"
SURYODAY,"['NIFTY MICROCAP 250', 'NIFTY TOTAL MARKET']"
HINDOILEXP,"['NIFTY MICROCAP 250', 'NIFTY TOTAL MARKET']"
INEOSSTYRO,"['NIFTY MICROCAP 250', 'NIFTY TOTAL MARKET']"
CONFIPET,"['NIFTY MICROCAP 250', 'NIFTY TOTAL MARKET']"
CIGNITITEC,"['NIFTY MICROCAP 250', 'NIFTY TOTAL MARKET']"
SPANDANA,"['NIFTY MICROCAP 250', 'NIFTY TOTAL MARKET']"
SUBEXLTD,"['NIFTY MICROCAP 250', 'NIFTY TOTAL MARKET']"
DHANUKA,"['NIFTY MICROCAP 250', 'NIFTY TOTAL MARKET']"
CARYSIL,"['NIFTY MICROCAP 250', 'NIFTY TOTAL MARKET']"
CARTRADE,"['NIFTY MICROCAP 250', 'NIFTY TOTAL MARKET']"
BAJAJCON,"['NIFTY MICROCAP 250', 'NIFTY TOTAL MARKET']"
SURYAROSNI,"['NIFTY MICROCAP 250', 'NIFTY TOTAL MARKET']"
TASTYBITE,"['NIFTY MICROCAP 250', 'NIFTY TOTAL MARKET']"
HERITGFOOD,"['NIFTY MICROCAP 250', 'NIFTY TOTAL MARKET']"
NAVNETEDUL,"['NIFTY MICROCAP 250', 'NIFTY TOTAL MARKET']"
ANANTRAJ,"['NIFTY MICROCAP 250', 'NIFTY TOTAL MARKET']"
APCOTEXIND,"['NIFTY MICROCAP 250', 'NIFTY TOTAL MARKET']"
SIYSIL,"['NIFTY MICROCAP 250', 'NIFTY TOTAL MARKET']"
HIL,"['NIFTY MICROCAP 250', 'NIFTY TOTAL MARKET']"
SOLARA,"['NIFTY MICROCAP 250', 'NIFTY TOTAL MARKET']"
FAIRCHEMOR,"['NIFTY MICROCAP 250', 'NIFTY TOTAL MARKET']"
SBCL,"['NIFTY MICROCAP 250', 'NIFTY TOTAL MARKET']"
DALMIASUG,"['NIFTY MICROCAP 250', 'NIFTY TOTAL MARKET']"
NRBBEARING,"['NIFTY MICROCAP 250', 'NIFTY TOTAL MARKET']"
JPASSOCIAT,"['NIFTY MICROCAP 250', 'NIFTY TOTAL MARKET']"
ESABINDIA,"['NIFTY MICROCAP 250', 'NIFTY TOTAL MARKET']"
ORISSAMINE,"['NIFTY MICROCAP 250', 'NIFTY TOTAL MARKET']"
TATVA,"['NIFTY MICROCAP 250', 'NIFTY TOTAL MARKET']"
GRWRHITECH,"['NIFTY MICROCAP 250', 'NIFTY TOTAL MARKET']"
ROLEXRINGS,"['NIFTY MICROCAP 250', 'NIFTY TOTAL MARKET']"
JINDALSAW,"['NIFTY MICROCAP 250', 'NIFTY TOTAL MARKET']"
SYRMA,"['NIFTY MICROCAP 250', 'NIFTY TOTAL MARKET']"
MAHSEAMLES,"['NIFTY MICROCAP 250', 'NIFTY TOTAL MARKET']"
AGI,"['NIFTY MICROCAP 250', 'NIFTY TOTAL MARKET']"
PSPPROJECT,"['NIFTY MICROCAP 250', 'NIFTY TOTAL MARKET']"
TIRUMALCHM,"['NIFTY MICROCAP 250', 'NIFTY TOTAL MARKET']"
AMIORG,"['NIFTY MICROCAP 250', 'NIFTY TOTAL MARKET']"
FILATEX,"['NIFTY MICROCAP 250', 'NIFTY TOTAL MARKET']"
MINDACORP,"['NIFTY MICROCAP 250', 'NIFTY TOTAL MARKET']"
GULFOILLUB,"['NIFTY MICROCAP 250', 'NIFTY TOTAL MARKET']"
TEGA,"['NIFTY MICROCAP 250', 'NIFTY TOTAL MARKET']"
NFL,"['NIFTY MICROCAP 250', 'NIFTY TOTAL MARKET']"
VALIANTORG,"['NIFTY MICROCAP 250', 'NIFTY TOTAL MARKET']"
FORCEMOT,"['NIFTY MICROCAP 250', 'NIFTY TOTAL MARKET']"
AKZOINDIA,"['NIFTY MICROCAP 250', 'NIFTY TOTAL MARKET']"
CMSINFO,"['NIFTY MICROCAP 250', 'NIFTY TOTAL MARKET']"
HEIDELBERG,"['NIFTY MICROCAP 250', 'NIFTY TOTAL MARKET']"
SPLPETRO,"['NIFTY MICROCAP 250', 'NIFTY TOTAL MARKET']"
HCC,"['NIFTY MICROCAP 250', 'NIFTY TOTAL MARKET']"
MFL,"['NIFTY MICROCAP 250', 'NIFTY TOTAL MARKET']"
ALEMBICLTD,"['NIFTY MICROCAP 250', 'NIFTY TOTAL MARKET']"
ANDHRSUGAR,"['NIFTY MICROCAP 250', 'NIFTY TOTAL MARKET']"
KSB,"['NIFTY MICROCAP 250', 'NIFTY TOTAL MARKET']"
RAINBOW,"['NIFTY MICROCAP 250', 'NIFTY TOTAL MARKET']"
ASTRAMICRO,"['NIFTY MICROCAP 250', 'NIFTY TOTAL MARKET']"
SAGCEM,"['NIFTY MICROCAP 250', 'NIFTY TOTAL MARKET']"
IGPL,"['NIFTY MICROCAP 250', 'NIFTY TOTAL MARKET']"
ASTEC,"['NIFTY MICROCAP 250', 'NIFTY TOTAL MARKET']"
JISLJALEQS,"['NIFTY MICROCAP 250', 'NIFTY TOTAL MARKET']"
ACCELYA,"['NIFTY MICROCAP 250', 'NIFTY TOTAL MARKET']"
MASFIN,"['NIFTY MICROCAP 250', 'NIFTY TOTAL MARKET']"
WELENT,"['NIFTY MICROCAP 250', 'NIFTY TOTAL MARKET']"
ISGEC,"['NIFTY MICROCAP 250', 'NIFTY TOTAL MARKET']"
HIMATSEIDE,"['NIFTY MICROCAP 250', 'NIFTY TOTAL MARKET']"
MANALIPETC,"['NIFTY MICROCAP 250', 'NIFTY TOTAL MARKET']"
JINDWORLD,"['NIFTY MICROCAP 250', 'NIFTY TOTAL MARKET']"
HINDWAREAP,"['NIFTY MICROCAP 250', 'NIFTY TOTAL MARKET']"
USHAMART,"['NIFTY MICROCAP 250', 'NIFTY TOTAL MARKET']"
PARADEEP,"['NIFTY MICROCAP 250', 'NIFTY TOTAL MARKET']"
WSTCSTPAPR,"['NIFTY MICROCAP 250', 'NIFTY TOTAL MARKET']"
SEAMECLTD,"['NIFTY MICROCAP 250', 'NIFTY TOTAL MARKET']"
ICRA,"['NIFTY MICROCAP 250', 'NIFTY TOTAL MARKET']"
GPIL,"['NIFTY MICROCAP 250', 'NIFTY TOTAL MARKET']"
MAYURUNIQ,"['NIFTY MICROCAP 250', 'NIFTY TOTAL MARKET']"
AHLUCONT,"['NIFTY MICROCAP 250', 'NIFTY TOTAL MARKET']"
RAJRATAN,"['NIFTY MICROCAP 250', 'NIFTY TOTAL MARKET']"
SAFARI,"['NIFTY MICROCAP 250', 'NIFTY TOTAL MARKET']"
KENNAMET,"['NIFTY MICROCAP 250', 'NIFTY TOTAL MARKET']"
KIRLOSENG,"['NIFTY MICROCAP 250', 'NIFTY TOTAL MARKET']"
LAOPALA,"['NIFTY MICROCAP 250', 'NIFTY TOTAL MARKET']"
GLOBUSSPR,"['NIFTY MICROCAP 250', 'NIFTY TOTAL MARKET']"
DATAPATTNS,"['NIFTY MICROCAP 250', 'NIFTY TOTAL MARKET']"
MAHSCOOTER,"['NIFTY MICROCAP 250', 'NIFTY TOTAL MARKET']"
HEMIPROP,"['NIFTY MICROCAP 250', 'NIFTY TOTAL MARKET']"
GRSE,"['NIFTY MICROCAP 250', 'NIFTY TOTAL MARKET']"
KIRLFER,"['NIFTY MICROCAP 250', 'NIFTY TOTAL MARKET']"
CRAFTSMAN,"['NIFTY MICROCAP 250', 'NIFTY TOTAL MARKET']"
BESTAGRO,"['NIFTY MICROCAP 250', 'NIFTY TOTAL MARKET']"
FINOPB,"['NIFTY MICROCAP 250', 'NIFTY TOTAL MARKET']"
VSTIND,"['NIFTY MICROCAP 250', 'NIFTY TOTAL MARKET']"
INGERRAND,"['NIFTY MICROCAP 250', 'NIFTY TOTAL MARKET']"
IBULHSGFIN,"['NIFTY MIDSMALLCAP 400', 'NIFTY SMALLCAP 100', 'NIFTY SMALLCAP 250', 'NIFTY TOTAL MARKET', 'NIFTY500 MULTICAP 50:25:25']"
RVNL,"['NIFTY MIDSMALLCAP 400', 'NIFTY SMALLCAP 250', 'NIFTY TOTAL MARKET', 'NIFTY500 MULTICAP 50:25:25']"
SUZLON,"['NIFTY MIDSMALLCAP 400', 'NIFTY SMALLCAP 100', 'NIFTY SMALLCAP 250', 'NIFTY TOTAL MARKET', 'NIFTY500 MULTICAP 50:25:25']"
UTIAMC,"['NIFTY MIDSMALLCAP 400', 'NIFTY SMALLCAP 100', 'NIFTY SMALLCAP 250', 'NIFTY SMALLCAP 50', 'NIFTY TOTAL MARKET', 'NIFTY500 MULTICAP 50:25:25']"
RBLBANK,"['NIFTY MIDSMALLCAP 400', 'NIFTY PRIVATE BANK', 'NIFTY SMALLCAP 100', 'NIFTY SMALLCAP 250', 'NIFTY TOTAL MARKET', 'NIFTY500 MULTICAP 50:25:25']"
EPL,"['NIFTY MIDSMALLCAP 400', 'NIFTY SMALLCAP 250', 'NIFTY TOTAL MARKET', 'NIFTY500 MULTICAP 50:25:25']"
DHANI,"['NIFTY MIDSMALLCAP 400', 'NIFTY SMALLCAP 250', 'NIFTY TOTAL MARKET', 'NIFTY500 MULTICAP 50:25:25']"
CHALET,"['NIFTY MIDSMALLCAP 400', 'NIFTY SMALLCAP 250', 'NIFTY TOTAL MARKET', 'NIFTY500 MULTICAP 50:25:25']"
GESHIP,"['NIFTY MIDSMALLCAP 400', 'NIFTY SMALLCAP 250', 'NIFTY TOTAL MARKET', 'NIFTY500 MULTICAP 50:25:25']"
IDBI,"['NIFTY MIDSMALLCAP 400', 'NIFTY SMALLCAP 100', 'NIFTY SMALLCAP 250', 'NIFTY TOTAL MARKET', 'NIFTY500 MULTICAP 50:25:25']"
CANFINHOME,"['NIFTY MIDSMALLCAP 400', 'NIFTY SMALLCAP 100', 'NIFTY SMALLCAP 250', 'NIFTY SMALLCAP 50', 'NIFTY TOTAL MARKET', 'NIFTY500 MULTICAP 50:25:25']"
APOLLOTYRE,"['NIFTY MIDSMALLCAP 400', 'NIFTY SMALLCAP 100', 'NIFTY SMALLCAP 250', 'NIFTY SMALLCAP 50', 'NIFTY TOTAL MARKET', 'NIFTY500 MULTICAP 50:25:25']"
SONATSOFTW,"['NIFTY MIDSMALLCAP 400', 'NIFTY SMALLCAP 250', 'NIFTY TOTAL MARKET', 'NIFTY500 MULTICAP 50:25:25']"
MAPMYINDIA,"['NIFTY MIDSMALLCAP 400', 'NIFTY SMALLCAP 100', 'NIFTY SMALLCAP 250', 'NIFTY TOTAL MARKET', 'NIFTY500 MULTICAP 50:25:25']"
RENUKA,"['NIFTY MIDSMALLCAP 400', 'NIFTY SMALLCAP 100', 'NIFTY SMALLCAP 250', 'NIFTY SMALLCAP 50', 'NIFTY TOTAL MARKET', 'NIFTY500 MULTICAP 50:25:25']"
IOB,"['NIFTY MIDSMALLCAP 400', 'NIFTY PSU BANK', 'NIFTY SMALLCAP 250', 'NIFTY TOTAL MARKET', 'NIFTY500 MULTICAP 50:25:25']"
FINPIPE,"['NIFTY MIDSMALLCAP 400', 'NIFTY SMALLCAP 250', 'NIFTY TOTAL MARKET', 'NIFTY500 MULTICAP 50:25:25']"
JMFINANCIL,"['NIFTY MIDSMALLCAP 400', 'NIFTY SMALLCAP 250', 'NIFTY TOTAL MARKET', 'NIFTY500 MULTICAP 50:25:25']"
FDC,"['NIFTY MIDSMALLCAP 400', 'NIFTY SMALLCAP 250', 'NIFTY TOTAL MARKET', 'NIFTY500 MULTICAP 50:25:25']"
EIHOTEL,"['NIFTY MIDSMALLCAP 400', 'NIFTY SMALLCAP 250', 'NIFTY TOTAL MARKET', 'NIFTY500 MULTICAP 50:25:25']"
SHILPAMED,"['NIFTY MIDSMALLCAP 400', 'NIFTY SMALLCAP 250', 'NIFTY TOTAL MARKET', 'NIFTY500 MULTICAP 50:25:25']"
PRSMJOHNSN,"['NIFTY MIDSMALLCAP 400', 'NIFTY SMALLCAP 250', 'NIFTY TOTAL MARKET', 'NIFTY500 MULTICAP 50:25:25']"
HIKAL,"['NIFTY MIDSMALLCAP 400', 'NIFTY SMALLCAP 250', 'NIFTY TOTAL MARKET', 'NIFTY500 MULTICAP 50:25:25']"
INDIACEM,"['NIFTY MIDSMALLCAP 400', 'NIFTY SMALLCAP 250', 'NIFTY TOTAL MARKET', 'NIFTY500 MULTICAP 50:25:25']"
JYOTHYLAB,"['NIFTY MIDSMALLCAP 400', 'NIFTY SMALLCAP 250', 'NIFTY TOTAL MARKET', 'NIFTY500 MULTICAP 50:25:25']"
CEATLTD,"['NIFTY MIDSMALLCAP 400', 'NIFTY SMALLCAP 250', 'NIFTY TOTAL MARKET', 'NIFTY500 MULTICAP 50:25:25']"
SYMPHONY,"['NIFTY MIDSMALLCAP 400', 'NIFTY SMALLCAP 250', 'NIFTY TOTAL MARKET', 'NIFTY500 MULTICAP 50:25:25']"
ANGELONE,"['NIFTY MIDSMALLCAP 400', 'NIFTY SMALLCAP 100', 'NIFTY SMALLCAP 250', 'NIFTY SMALLCAP 50', 'NIFTY TOTAL MARKET', 'NIFTY500 MULTICAP 50:25:25']"
CENTRALBK,"['NIFTY MIDSMALLCAP 400', 'NIFTY PSU BANK', 'NIFTY SMALLCAP 250', 'NIFTY TOTAL MARKET', 'NIFTY500 MULTICAP 50:25:25']"
IBREALEST,"['NIFTY MIDSMALLCAP 400', 'NIFTY REALTY', 'NIFTY SMALLCAP 250', 'NIFTY TOTAL MARKET', 'NIFTY500 MULTICAP 50:25:25']"
MGL,"['NIFTY MIDSMALLCAP 400', 'NIFTY OIL & GAS', 'NIFTY SMALLCAP 100', 'NIFTY SMALLCAP 250', 'NIFTY TOTAL MARKET', 'NIFTY500 MULTICAP 50:25:25']"
MEDPLUS,"['NIFTY MIDSMALLCAP 400', 'NIFTY SMALLCAP 100', 'NIFTY SMALLCAP 250', 'NIFTY SMALLCAP 50', 'NIFTY TOTAL MARKET', 'NIFTY500 MULTICAP 50:25:25']"
IDFC,"['NIFTY MIDSMALLCAP 400', 'NIFTY SMALLCAP 100', 'NIFTY SMALLCAP 250', 'NIFTY SMALLCAP 50', 'NIFTY TOTAL MARKET', 'NIFTY500 MULTICAP 50:25:25']"
EQUITASBNK,"['NIFTY MIDSMALLCAP 400', 'NIFTY SMALLCAP 250', 'NIFTY TOTAL MARKET', 'NIFTY500 MULTICAP 50:25:25']"
TEJASNET,"['NIFTY MIDSMALLCAP 400', 'NIFTY SMALLCAP 250', 'NIFTY TOTAL MARKET', 'NIFTY500 MULTICAP 50:25:25']"
BALRAMCHIN,"['NIFTY MIDSMALLCAP 400', 'NIFTY SMALLCAP 100', 'NIFTY SMALLCAP 250', 'NIFTY SMALLCAP 50', 'NIFTY TOTAL MARKET', 'NIFTY500 MULTICAP 50:25:25']"
EXIDEIND,"['NIFTY MIDSMALLCAP 400', 'NIFTY SMALLCAP 100', 'NIFTY SMALLCAP 250', 'NIFTY TOTAL MARKET', 'NIFTY500 MULTICAP 50:25:25']"
TRIVENI,"['NIFTY MIDSMALLCAP 400', 'NIFTY SMALLCAP 100', 'NIFTY SMALLCAP 250', 'NIFTY TOTAL MARKET', 'NIFTY500 MULTICAP 50:25:25']"
MRPL,"['NIFTY MIDSMALLCAP 400', 'NIFTY SMALLCAP 100', 'NIFTY SMALLCAP 250', 'NIFTY SMALLCAP 50', 'NIFTY TOTAL MARKET', 'NIFTY500 MULTICAP 50:25:25']"
RAIN,"['NIFTY MIDSMALLCAP 400', 'NIFTY SMALLCAP 100', 'NIFTY SMALLCAP 250', 'NIFTY TOTAL MARKET', 'NIFTY500 MULTICAP 50:25:25']"
VARROC,"['NIFTY MIDSMALLCAP 400', 'NIFTY SMALLCAP 250', 'NIFTY TOTAL MARKET', 'NIFTY500 MULTICAP 50:25:25']"
SWSOLAR,"['NIFTY MIDSMALLCAP 400', 'NIFTY SMALLCAP 250', 'NIFTY TOTAL MARKET', 'NIFTY500 MULTICAP 50:25:25']"
CHAMBLFERT,"['NIFTY MIDSMALLCAP 400', 'NIFTY SMALLCAP 100', 'NIFTY SMALLCAP 250', 'NIFTY SMALLCAP 50', 'NIFTY TOTAL MARKET', 'NIFTY500 MULTICAP 50:25:25']"
HOMEFIRST,"['NIFTY MIDSMALLCAP 400', 'NIFTY SMALLCAP 250', 'NIFTY TOTAL MARKET', 'NIFTY500 MULTICAP 50:25:25']"
BRIGADE,"['NIFTY MIDSMALLCAP 400', 'NIFTY REALTY', 'NIFTY SMALLCAP 100', 'NIFTY SMALLCAP 250', 'NIFTY TOTAL MARKET', 'NIFTY500 MULTICAP 50:25:25']"
AEGISCHEM,"['NIFTY MIDSMALLCAP 400', 'NIFTY OIL & GAS', 'NIFTY SMALLCAP 100', 'NIFTY SMALLCAP 250', 'NIFTY TOTAL MARKET', 'NIFTY500 MULTICAP 50:25:25']"
GSFC,"['NIFTY MIDSMALLCAP 400', 'NIFTY SMALLCAP 250', 'NIFTY TOTAL MARKET', 'NIFTY500 MULTICAP 50:25:25']"
VIJAYA,"['NIFTY MIDSMALLCAP 400', 'NIFTY SMALLCAP 250', 'NIFTY TOTAL MARKET', 'NIFTY500 MULTICAP 50:25:25']"
GRAPHITE,"['NIFTY MIDSMALLCAP 400', 'NIFTY SMALLCAP 100', 'NIFTY SMALLCAP 250', 'NIFTY SMALLCAP 50', 'NIFTY TOTAL MARKET', 'NIFTY500 MULTICAP 50:25:25']"
VTL,"['NIFTY MIDSMALLCAP 400', 'NIFTY SMALLCAP 100', 'NIFTY SMALLCAP 250', 'NIFTY TOTAL MARKET', 'NIFTY500 MULTICAP 50:25:25']"
FSL,"['NIFTY MIDSMALLCAP 400', 'NIFTY SMALLCAP 100', 'NIFTY SMALLCAP 250', 'NIFTY SMALLCAP 50', 'NIFTY TOTAL MARKET', 'NIFTY500 MULTICAP 50:25:25']"
CREDITACC,"['NIFTY MIDSMALLCAP 400', 'NIFTY SMALLCAP 100', 'NIFTY SMALLCAP 250', 'NIFTY TOTAL MARKET', 'NIFTY500 MULTICAP 50:25:25']"
TCI,"['NIFTY MIDSMALLCAP 400', 'NIFTY SMALLCAP 250', 'NIFTY TOTAL MARKET', 'NIFTY500 MULTICAP 50:25:25']"
MCX,"['NIFTY MIDSMALLCAP 400', 'NIFTY SMALLCAP 100', 'NIFTY SMALLCAP 250', 'NIFTY TOTAL MARKET', 'NIFTY500 MULTICAP 50:25:25']"
BAJAJELEC,"['NIFTY MIDSMALLCAP 400', 'NIFTY SMALLCAP 100', 'NIFTY SMALLCAP 250', 'NIFTY SMALLCAP 50', 'NIFTY TOTAL MARKET', 'NIFTY500 MULTICAP 50:25:25']"
SHOPERSTOP,"['NIFTY MIDSMALLCAP 400', 'NIFTY SMALLCAP 250', 'NIFTY TOTAL MARKET', 'NIFTY500 MULTICAP 50:25:25']"
AARTIDRUGS,"['NIFTY MIDSMALLCAP 400', 'NIFTY SMALLCAP 250', 'NIFTY TOTAL MARKET', 'NIFTY500 MULTICAP 50:25:25']"
FINCABLES,"['NIFTY MIDSMALLCAP 400', 'NIFTY SMALLCAP 250', 'NIFTY TOTAL MARKET', 'NIFTY500 MULTICAP 50:25:25']"
TIMKEN,"['NIFTY MIDSMALLCAP 400', 'NIFTY SMALLCAP 250', 'NIFTY TOTAL MARKET', 'NIFTY500 MULTICAP 50:25:25']"
GAEL,"['NIFTY MIDSMALLCAP 400', 'NIFTY SMALLCAP 250', 'NIFTY TOTAL MARKET', 'NIFTY500 MULTICAP 50:25:25']"
ENGINERSIN,"['NIFTY MIDSMALLCAP 400', 'NIFTY SMALLCAP 250', 'NIFTY TOTAL MARKET', 'NIFTY500 MULTICAP 50:25:25']"
SHYAMMETL,"['NIFTY MIDSMALLCAP 400', 'NIFTY SMALLCAP 250', 'NIFTY TOTAL MARKET', 'NIFTY500 MULTICAP 50:25:25']"
SWANENERGY,"['NIFTY MIDSMALLCAP 400', 'NIFTY SMALLCAP 250', 'NIFTY TOTAL MARKET', 'NIFTY500 MULTICAP 50:25:25']"
CUB,"['NIFTY MIDSMALLCAP 400', 'NIFTY PRIVATE BANK', 'NIFTY SMALLCAP 100', 'NIFTY SMALLCAP 250', 'NIFTY TOTAL MARKET', 'NIFTY500 MULTICAP 50:25:25']"
MMTC,"['NIFTY MIDSMALLCAP 400', 'NIFTY SMALLCAP 100', 'NIFTY SMALLCAP 250', 'NIFTY TOTAL MARKET', 'NIFTY500 MULTICAP 50:25:25']"
KNRCON,"['NIFTY MIDSMALLCAP 400', 'NIFTY SMALLCAP 250', 'NIFTY TOTAL MARKET', 'NIFTY500 MULTICAP 50:25:25']"
CERA,"['NIFTY MIDSMALLCAP 400', 'NIFTY SMALLCAP 250', 'NIFTY TOTAL MARKET', 'NIFTY500 MULTICAP 50:25:25']"
MANAPPURAM,"['NIFTY MIDSMALLCAP 400', 'NIFTY SMALLCAP 100', 'NIFTY SMALLCAP 250', 'NIFTY SMALLCAP 50', 'NIFTY TOTAL MARKET', 'NIFTY500 MULTICAP 50:25:25']"
EDELWEISS,"['NIFTY MIDSMALLCAP 400', 'NIFTY SMALLCAP 250', 'NIFTY TOTAL MARKET', 'NIFTY500 MULTICAP 50:25:25']"
JUBLINGREA,"['NIFTY MIDSMALLCAP 400', 'NIFTY SMALLCAP 100', 'NIFTY SMALLCAP 250', 'NIFTY SMALLCAP 50', 'NIFTY TOTAL MARKET', 'NIFTY500 MULTICAP 50:25:25']"
VIPIND,"['NIFTY MIDSMALLCAP 400', 'NIFTY SMALLCAP 100', 'NIFTY SMALLCAP 250', 'NIFTY TOTAL MARKET', 'NIFTY500 MULTICAP 50:25:25']"
CAMS,"['NIFTY MIDSMALLCAP 400', 'NIFTY SMALLCAP 100', 'NIFTY SMALLCAP 250', 'NIFTY SMALLCAP 50', 'NIFTY TOTAL MARKET', 'NIFTY500 MULTICAP 50:25:25']"
ALOKINDS,"['NIFTY MIDSMALLCAP 400', 'NIFTY SMALLCAP 100', 'NIFTY SMALLCAP 250', 'NIFTY SMALLCAP 50', 'NIFTY TOTAL MARKET', 'NIFTY500 MULTICAP 50:25:25']"
SUDARSCHEM,"['NIFTY MIDSMALLCAP 400', 'NIFTY SMALLCAP 250', 'NIFTY TOTAL MARKET', 'NIFTY500 MULTICAP 50:25:25']"
PNBHOUSING,"['NIFTY MIDSMALLCAP 400', 'NIFTY SMALLCAP 250', 'NIFTY TOTAL MARKET', 'NIFTY500 MULTICAP 50:25:25']"
GARFIBRES,"['NIFTY MIDSMALLCAP 400', 'NIFTY SMALLCAP 250', 'NIFTY TOTAL MARKET', 'NIFTY500 MULTICAP 50:25:25']"
HEG,"['NIFTY MIDSMALLCAP 400', 'NIFTY SMALLCAP 250', 'NIFTY TOTAL MARKET', 'NIFTY500 MULTICAP 50:25:25']"
GREENPANEL,"['NIFTY MIDSMALLCAP 400', 'NIFTY SMALLCAP 250', 'NIFTY TOTAL MARKET', 'NIFTY500 MULTICAP 50:25:25']"
NBCC,"['NIFTY MIDSMALLCAP 400', 'NIFTY SMALLCAP 100', 'NIFTY SMALLCAP 250', 'NIFTY TOTAL MARKET', 'NIFTY500 MULTICAP 50:25:25']"
SUNTECK,"['NIFTY MIDSMALLCAP 400', 'NIFTY REALTY', 'NIFTY SMALLCAP 100', 'NIFTY SMALLCAP 250', 'NIFTY TOTAL MARKET', 'NIFTY500 MULTICAP 50:25:25']"
NOCIL,"['NIFTY MIDSMALLCAP 400', 'NIFTY SMALLCAP 250', 'NIFTY TOTAL MARKET', 'NIFTY500 MULTICAP 50:25:25']"
REDINGTON,"['NIFTY MIDSMALLCAP 400', 'NIFTY SMALLCAP 100', 'NIFTY SMALLCAP 250', 'NIFTY SMALLCAP 50', 'NIFTY TOTAL MARKET', 'NIFTY500 MULTICAP 50:25:25']"
ALLCARGO,"['NIFTY MIDSMALLCAP 400', 'NIFTY SMALLCAP 100', 'NIFTY SMALLCAP 250', 'NIFTY TOTAL MARKET', 'NIFTY500 MULTICAP 50:25:25']"
MAHABANK,"['NIFTY MIDSMALLCAP 400', 'NIFTY PSU BANK', 'NIFTY SMALLCAP 100', 'NIFTY SMALLCAP 250', 'NIFTY SMALLCAP 50', 'NIFTY TOTAL MARKET', 'NIFTY500 MULTICAP 50:25:25']"
TANLA,"['NIFTY MIDSMALLCAP 400', 'NIFTY SMALLCAP 100', 'NIFTY SMALLCAP 250', 'NIFTY TOTAL MARKET', 'NIFTY500 MULTICAP 50:25:25']"
GNFC,"['NIFTY MIDSMALLCAP 400', 'NIFTY SMALLCAP 100', 'NIFTY SMALLCAP 250', 'NIFTY SMALLCAP 50', 'NIFTY TOTAL MARKET', 'NIFTY500 MULTICAP 50:25:25']"
BSE,"['NIFTY MIDSMALLCAP 400', 'NIFTY SMALLCAP 100', 'NIFTY SMALLCAP 250', 'NIFTY SMALLCAP 50', 'NIFTY TOTAL MARKET', 'NIFTY500 MULTICAP 50:25:25']"
AMARAJABAT,"['NIFTY MIDSMALLCAP 400', 'NIFTY SMALLCAP 100', 'NIFTY SMALLCAP 250', 'NIFTY SMALLCAP 50', 'NIFTY TOTAL MARKET', 'NIFTY500 MULTICAP 50:25:25']"
WELSPUNIND,"['NIFTY MIDSMALLCAP 400', 'NIFTY SMALLCAP 100', 'NIFTY SMALLCAP 250', 'NIFTY SMALLCAP 50', 'NIFTY TOTAL MARKET', 'NIFTY500 MULTICAP 50:25:25']"
HLEGLAS,"['NIFTY MIDSMALLCAP 400', 'NIFTY SMALLCAP 250', 'NIFTY TOTAL MARKET', 'NIFTY500 MULTICAP 50:25:25']"
NCC,"['NIFTY MIDSMALLCAP 400', 'NIFTY SMALLCAP 250', 'NIFTY TOTAL MARKET', 'NIFTY500 MULTICAP 50:25:25']"
RBA,"['NIFTY MIDSMALLCAP 400', 'NIFTY SMALLCAP 250', 'NIFTY TOTAL MARKET', 'NIFTY500 MULTICAP 50:25:25']"
CSBBANK,"['NIFTY MIDSMALLCAP 400', 'NIFTY SMALLCAP 250', 'NIFTY TOTAL MARKET', 'NIFTY500 MULTICAP 50:25:25']"
ZYDUSWELL,"['NIFTY MIDSMALLCAP 400', 'NIFTY SMALLCAP 250', 'NIFTY TOTAL MARKET', 'NIFTY500 MULTICAP 50:25:25']"
CHEMPLASTS,"['NIFTY MIDSMALLCAP 400', 'NIFTY SMALLCAP 100', 'NIFTY SMALLCAP 250', 'NIFTY SMALLCAP 50', 'NIFTY TOTAL MARKET', 'NIFTY500 MULTICAP 50:25:25']"
DCMSHRIRAM,"['NIFTY MIDSMALLCAP 400', 'NIFTY SMALLCAP 100', 'NIFTY SMALLCAP 250', 'NIFTY TOTAL MARKET', 'NIFTY500 MULTICAP 50:25:25']"
KALYANKJIL,"['NIFTY MIDSMALLCAP 400', 'NIFTY SMALLCAP 250', 'NIFTY TOTAL MARKET', 'NIFTY500 MULTICAP 50:25:25']"
DBL,"['NIFTY MIDSMALLCAP 400', 'NIFTY SMALLCAP 250', 'NIFTY TOTAL MARKET', 'NIFTY500 MULTICAP 50:25:25']"
SCI,"['NIFTY MIDSMALLCAP 400', 'NIFTY SMALLCAP 250', 'NIFTY TOTAL MARKET', 'NIFTY500 MULTICAP 50:25:25']"
HFCL,"['NIFTY MIDSMALLCAP 400', 'NIFTY SMALLCAP 100', 'NIFTY SMALLCAP 250', 'NIFTY SMALLCAP 50', 'NIFTY TOTAL MARKET', 'NIFTY500 MULTICAP 50:25:25']"
GUJALKALI,"['NIFTY MIDSMALLCAP 400', 'NIFTY SMALLCAP 250', 'NIFTY TOTAL MARKET', 'NIFTY500 MULTICAP 50:25:25']"
NIITLTD,"['NIFTY MIDSMALLCAP 400', 'NIFTY SMALLCAP 250', 'NIFTY TOTAL MARKET', 'NIFTY500 MULTICAP 50:25:25']"
PCBL,"['NIFTY MIDSMALLCAP 400', 'NIFTY SMALLCAP 250', 'NIFTY TOTAL MARKET', 'NIFTY500 MULTICAP 50:25:25']"
ROSSARI,"['NIFTY MIDSMALLCAP 400', 'NIFTY SMALLCAP 250', 'NIFTY TOTAL MARKET', 'NIFTY500 MULTICAP 50:25:25']"
CASTROLIND,"['NIFTY MIDSMALLCAP 400', 'NIFTY OIL & GAS', 'NIFTY SMALLCAP 250', 'NIFTY TOTAL MARKET', 'NIFTY500 MULTICAP 50:25:25']"
SUPRAJIT,"['NIFTY MIDSMALLCAP 400', 'NIFTY SMALLCAP 250', 'NIFTY TOTAL MARKET', 'NIFTY500 MULTICAP 50:25:25']"
CENTURYTEX,"['NIFTY MIDSMALLCAP 400', 'NIFTY SMALLCAP 100', 'NIFTY SMALLCAP 250', 'NIFTY TOTAL MARKET', 'NIFTY500 MULTICAP 50:25:25']"
BSOFT,"['NIFTY MIDSMALLCAP 400', 'NIFTY SMALLCAP 100', 'NIFTY SMALLCAP 250', 'NIFTY SMALLCAP 50', 'NIFTY TOTAL MARKET', 'NIFTY500 MULTICAP 50:25:25']"
LUXIND,"['NIFTY MIDSMALLCAP 400', 'NIFTY SMALLCAP 100', 'NIFTY SMALLCAP 250', 'NIFTY TOTAL MARKET', 'NIFTY500 MULTICAP 50:25:25']"
MHRIL,"['NIFTY MIDSMALLCAP 400', 'NIFTY SMALLCAP 250', 'NIFTY TOTAL MARKET', 'NIFTY500 MULTICAP 50:25:25']"
ASTERDM,"['NIFTY MIDSMALLCAP 400', 'NIFTY SMALLCAP 250', 'NIFTY TOTAL MARKET', 'NIFTY500 MULTICAP 50:25:25']"
NUVOCO,"['NIFTY MIDSMALLCAP 400', 'NIFTY SMALLCAP 250', 'NIFTY TOTAL MARKET', 'NIFTY500 MULTICAP 50:25:25']"
ROUTE,"['NIFTY MIDSMALLCAP 400', 'NIFTY SMALLCAP 100', 'NIFTY SMALLCAP 250', 'NIFTY SMALLCAP 50', 'NIFTY TOTAL MARKET', 'NIFTY500 MULTICAP 50:25:25']"
DEEPAKFERT,"['NIFTY MIDSMALLCAP 400', 'NIFTY SMALLCAP 100', 'NIFTY SMALLCAP 250', 'NIFTY TOTAL MARKET', 'NIFTY500 MULTICAP 50:25:25']"
JAMNAAUTO,"['NIFTY MIDSMALLCAP 400', 'NIFTY SMALLCAP 250', 'NIFTY TOTAL MARKET', 'NIFTY500 MULTICAP 50:25:25']"
QUESS,"['NIFTY MIDSMALLCAP 400', 'NIFTY SMALLCAP 100', 'NIFTY SMALLCAP 250', 'NIFTY TOTAL MARKET', 'NIFTY500 MULTICAP 50:25:25']"
GODREJAGRO,"['NIFTY MIDSMALLCAP 400', 'NIFTY SMALLCAP 250', 'NIFTY TOTAL MARKET', 'NIFTY500 MULTICAP 50:25:25']"
TCIEXP,"['NIFTY MIDSMALLCAP 400', 'NIFTY SMALLCAP 250', 'NIFTY TOTAL MARKET', 'NIFTY500 MULTICAP 50:25:25']"
SOBHA,"['NIFTY MIDSMALLCAP 400', 'NIFTY REALTY', 'NIFTY SMALLCAP 100', 'NIFTY SMALLCAP 250', 'NIFTY TOTAL MARKET', 'NIFTY500 MULTICAP 50:25:25']"
RTNINDIA,"['NIFTY MIDSMALLCAP 400', 'NIFTY SMALLCAP 250', 'NIFTY TOTAL MARKET', 'NIFTY500 MULTICAP 50:25:25']"
BIRLACORPN,"['NIFTY MIDSMALLCAP 400', 'NIFTY SMALLCAP 100', 'NIFTY SMALLCAP 250', 'NIFTY SMALLCAP 50', 'NIFTY TOTAL MARKET', 'NIFTY500 MULTICAP 50:25:25']"
BHARATRAS,"['NIFTY MIDSMALLCAP 400', 'NIFTY SMALLCAP 250', 'NIFTY TOTAL MARKET', 'NIFTY500 MULTICAP 50:25:25']"
IRB,"['NIFTY MIDSMALLCAP 400', 'NIFTY SMALLCAP 100', 'NIFTY SMALLCAP 250', 'NIFTY TOTAL MARKET', 'NIFTY500 MULTICAP 50:25:25']"
CDSL,"['NIFTY MIDSMALLCAP 400', 'NIFTY SMALLCAP 100', 'NIFTY SMALLCAP 250', 'NIFTY SMALLCAP 50', 'NIFTY TOTAL MARKET', 'NIFTY500 MULTICAP 50:25:25']"
PRAJIND,"['NIFTY MIDSMALLCAP 400', 'NIFTY SMALLCAP 100', 'NIFTY SMALLCAP 250', 'NIFTY TOTAL MARKET', 'NIFTY500 MULTICAP 50:25:25']"
BCG,"['NIFTY MIDSMALLCAP 400', 'NIFTY SMALLCAP 100', 'NIFTY SMALLCAP 250', 'NIFTY TOTAL MARKET', 'NIFTY500 MULTICAP 50:25:25']"
ANURAS,"['NIFTY MIDSMALLCAP 400', 'NIFTY SMALLCAP 100', 'NIFTY SMALLCAP 250', 'NIFTY SMALLCAP 50', 'NIFTY TOTAL MARKET', 'NIFTY500 MULTICAP 50:25:25']"
BBTC,"['NIFTY MIDSMALLCAP 400', 'NIFTY SMALLCAP 250', 'NIFTY TOTAL MARKET', 'NIFTY500 MULTICAP 50:25:25']"
DELTACORP,"['NIFTY MIDSMALLCAP 400', 'NIFTY SMALLCAP 100', 'NIFTY SMALLCAP 250', 'NIFTY TOTAL MARKET', 'NIFTY500 MULTICAP 50:25:25']"
INDIGOPNTS,"['NIFTY MIDSMALLCAP 400', 'NIFTY SMALLCAP 100', 'NIFTY SMALLCAP 250', 'NIFTY SMALLCAP 50', 'NIFTY TOTAL MARKET', 'NIFTY500 MULTICAP 50:25:25']"
LATENTVIEW,"['NIFTY MIDSMALLCAP 400', 'NIFTY SMALLCAP 100', 'NIFTY SMALLCAP 250', 'NIFTY SMALLCAP 50', 'NIFTY TOTAL MARKET', 'NIFTY500 MULTICAP 50:25:25']"
IIFL,"['NIFTY MIDSMALLCAP 400', 'NIFTY SMALLCAP 100', 'NIFTY SMALLCAP 250', 'NIFTY TOTAL MARKET', 'NIFTY500 MULTICAP 50:25:25']"
KIMS,"['NIFTY MIDSMALLCAP 400', 'NIFTY SMALLCAP 250', 'NIFTY TOTAL MARKET', 'NIFTY500 MULTICAP 50:25:25']"
ABSLAMC,"['NIFTY MIDSMALLCAP 400', 'NIFTY SMALLCAP 250', 'NIFTY TOTAL MARKET', 'NIFTY500 MULTICAP 50:25:25']"
HUDCO,"['NIFTY MIDSMALLCAP 400', 'NIFTY SMALLCAP 250', 'NIFTY TOTAL MARKET', 'NIFTY500 MULTICAP 50:25:25']"
SIS,"['NIFTY MIDSMALLCAP 400', 'NIFTY SMALLCAP 250', 'NIFTY TOTAL MARKET', 'NIFTY500 MULTICAP 50:25:25']"
EIDPARRY,"['NIFTY MIDSMALLCAP 400', 'NIFTY SMALLCAP 100', 'NIFTY SMALLCAP 250', 'NIFTY TOTAL MARKET', 'NIFTY500 MULTICAP 50:25:25']"
TCNSBRANDS,"['NIFTY MIDSMALLCAP 400', 'NIFTY SMALLCAP 250', 'NIFTY TOTAL MARKET', 'NIFTY500 MULTICAP 50:25:25']"
KARURVYSYA,"['NIFTY MIDSMALLCAP 400', 'NIFTY SMALLCAP 250', 'NIFTY TOTAL MARKET', 'NIFTY500 MULTICAP 50:25:25']"
PRINCEPIPE,"['NIFTY MIDSMALLCAP 400', 'NIFTY SMALLCAP 250', 'NIFTY TOTAL MARKET', 'NIFTY500 MULTICAP 50:25:25']"
BALAMINES,"['NIFTY MIDSMALLCAP 400', 'NIFTY SMALLCAP 100', 'NIFTY SMALLCAP 250', 'NIFTY SMALLCAP 50', 'NIFTY TOTAL MARKET', 'NIFTY500 MULTICAP 50:25:25']"
BASF,"['NIFTY MIDSMALLCAP 400', 'NIFTY SMALLCAP 250', 'NIFTY TOTAL MARKET', 'NIFTY500 MULTICAP 50:25:25']"
KEC,"['NIFTY MIDSMALLCAP 400', 'NIFTY SMALLCAP 100', 'NIFTY SMALLCAP 250', 'NIFTY TOTAL MARKET', 'NIFTY500 MULTICAP 50:25:25']"
ECLERX,"['NIFTY MIDSMALLCAP 400', 'NIFTY SMALLCAP 250', 'NIFTY TOTAL MARKET', 'NIFTY500 MULTICAP 50:25:25']"
HGS,"['NIFTY MIDSMALLCAP 400', 'NIFTY SMALLCAP 250', 'NIFTY TOTAL MARKET', 'NIFTY500 MULTICAP 50:25:25']"
FINEORG,"['NIFTY MIDSMALLCAP 400', 'NIFTY SMALLCAP 100', 'NIFTY SMALLCAP 250', 'NIFTY TOTAL MARKET', 'NIFTY500 MULTICAP 50:25:25']"
VAIBHAVGBL,"['NIFTY MIDSMALLCAP 400', 'NIFTY SMALLCAP 250', 'NIFTY TOTAL MARKET', 'NIFTY500 MULTICAP 50:25:25']"
KPITTECH,"['NIFTY MIDSMALLCAP 400', 'NIFTY SMALLCAP 100', 'NIFTY SMALLCAP 250', 'NIFTY SMALLCAP 50', 'NIFTY TOTAL MARKET', 'NIFTY500 MULTICAP 50:25:25']"
BORORENEW,"['NIFTY MIDSMALLCAP 400', 'NIFTY SMALLCAP 100', 'NIFTY SMALLCAP 250', 'NIFTY TOTAL MARKET', 'NIFTY500 MULTICAP 50:25:25']"
JKLAKSHMI,"['NIFTY MIDSMALLCAP 400', 'NIFTY SMALLCAP 250', 'NIFTY TOTAL MARKET', 'NIFTY500 MULTICAP 50:25:25']"
JBMA,"['NIFTY MIDSMALLCAP 400', 'NIFTY SMALLCAP 250', 'NIFTY TOTAL MARKET', 'NIFTY500 MULTICAP 50:25:25']"
LAXMIMACH,"['NIFTY MIDSMALLCAP 400', 'NIFTY SMALLCAP 250', 'NIFTY TOTAL MARKET', 'NIFTY500 MULTICAP 50:25:25']"
ZENSARTECH,"['NIFTY MIDSMALLCAP 400', 'NIFTY SMALLCAP 100', 'NIFTY SMALLCAP 250', 'NIFTY SMALLCAP 50', 'NIFTY TOTAL MARKET', 'NIFTY500 MULTICAP 50:25:25']"
SJVN,"['NIFTY MIDSMALLCAP 400', 'NIFTY SMALLCAP 250', 'NIFTY TOTAL MARKET', 'NIFTY500 MULTICAP 50:25:25']"
KALPATPOWR,"['NIFTY MIDSMALLCAP 400', 'NIFTY SMALLCAP 250', 'NIFTY TOTAL MARKET', 'NIFTY500 MULTICAP 50:25:25']"
INFIBEAM,"['NIFTY MIDSMALLCAP 400', 'NIFTY SMALLCAP 250', 'NIFTY TOTAL MARKET', 'NIFTY500 MULTICAP 50:25:25']"
SFL,"['NIFTY MIDSMALLCAP 400', 'NIFTY SMALLCAP 250', 'NIFTY TOTAL MARKET', 'NIFTY500 MULTICAP 50:25:25']"
SUVENPHAR,"['NIFTY MIDSMALLCAP 400', 'NIFTY SMALLCAP 250', 'NIFTY TOTAL MARKET', 'NIFTY500 MULTICAP 50:25:25']"
GALAXYSURF,"['NIFTY MIDSMALLCAP 400', 'NIFTY SMALLCAP 250', 'NIFTY TOTAL MARKET', 'NIFTY500 MULTICAP 50:25:25']"
ASTRAZEN,"['NIFTY MIDSMALLCAP 400', 'NIFTY SMALLCAP 250', 'NIFTY TOTAL MARKET', 'NIFTY500 MULTICAP 50:25:25']"
AVANTIFEED,"['NIFTY MIDSMALLCAP 400', 'NIFTY SMALLCAP 250', 'NIFTY TOTAL MARKET', 'NIFTY500 MULTICAP 50:25:25']"
CAPLIPOINT,"['NIFTY MIDSMALLCAP 400', 'NIFTY SMALLCAP 250', 'NIFTY TOTAL MARKET', 'NIFTY500 MULTICAP 50:25:25']"
NLCINDIA,"['NIFTY MIDSMALLCAP 400', 'NIFTY SMALLCAP 100', 'NIFTY SMALLCAP 250', 'NIFTY TOTAL MARKET', 'NIFTY500 MULTICAP 50:25:25']"
RAYMOND,"['NIFTY MIDSMALLCAP 400', 'NIFTY SMALLCAP 250', 'NIFTY TOTAL MARKET', 'NIFTY500 MULTICAP 50:25:25']"
CYIENT,"['NIFTY MIDSMALLCAP 400', 'NIFTY SMALLCAP 100', 'NIFTY SMALLCAP 250', 'NIFTY SMALLCAP 50', 'NIFTY TOTAL MARKET', 'NIFTY500 MULTICAP 50:25:25']"
CESC,"['NIFTY MIDSMALLCAP 400', 'NIFTY SMALLCAP 100', 'NIFTY SMALLCAP 250', 'NIFTY SMALLCAP 50', 'NIFTY TOTAL MARKET', 'NIFTY500 MULTICAP 50:25:25']"
TRITURBINE,"['NIFTY MIDSMALLCAP 400', 'NIFTY SMALLCAP 250', 'NIFTY TOTAL MARKET', 'NIFTY500 MULTICAP 50:25:25']"
MAHINDCIE,"['NIFTY MIDSMALLCAP 400', 'NIFTY SMALLCAP 250', 'NIFTY TOTAL MARKET', 'NIFTY500 MULTICAP 50:25:25']"
POLYPLEX,"['NIFTY MIDSMALLCAP 400', 'NIFTY SMALLCAP 100', 'NIFTY SMALLCAP 250', 'NIFTY TOTAL MARKET', 'NIFTY500 MULTICAP 50:25:25']"
CENTURYPLY,"['NIFTY MIDSMALLCAP 400', 'NIFTY SMALLCAP 250', 'NIFTY TOTAL MARKET', 'NIFTY500 MULTICAP 50:25:25']"
PGHL,"['NIFTY MIDSMALLCAP 400', 'NIFTY SMALLCAP 250', 'NIFTY TOTAL MARKET', 'NIFTY500 MULTICAP 50:25:25']"
ITI,"['NIFTY MIDSMALLCAP 400', 'NIFTY SMALLCAP 250', 'NIFTY TOTAL MARKET', 'NIFTY500 MULTICAP 50:25:25']"
SAPPHIRE,"['NIFTY MIDSMALLCAP 400', 'NIFTY SMALLCAP 100', 'NIFTY SMALLCAP 250', 'NIFTY TOTAL MARKET', 'NIFTY500 MULTICAP 50:25:25']"
RALLIS,"['NIFTY MIDSMALLCAP 400', 'NIFTY SMALLCAP 250', 'NIFTY TOTAL MARKET', 'NIFTY500 MULTICAP 50:25:25']"
MTARTECH,"['NIFTY MIDSMALLCAP 400', 'NIFTY SMALLCAP 250', 'NIFTY TOTAL MARKET', 'NIFTY500 MULTICAP 50:25:25']"
IFBIND,"['NIFTY MIDSMALLCAP 400', 'NIFTY SMALLCAP 250', 'NIFTY TOTAL MARKET', 'NIFTY500 MULTICAP 50:25:25']"
APTUS,"['NIFTY MIDSMALLCAP 400', 'NIFTY SMALLCAP 250', 'NIFTY TOTAL MARKET', 'NIFTY500 MULTICAP 50:25:25']"
MAHLOG,"['NIFTY MIDSMALLCAP 400', 'NIFTY SMALLCAP 250', 'NIFTY TOTAL MARKET', 'NIFTY500 MULTICAP 50:25:25']"
PNCINFRA,"['NIFTY MIDSMALLCAP 400', 'NIFTY SMALLCAP 250', 'NIFTY TOTAL MARKET', 'NIFTY500 MULTICAP 50:25:25']"
GRINFRA,"['NIFTY MIDSMALLCAP 400', 'NIFTY SMALLCAP 250', 'NIFTY TOTAL MARKET', 'NIFTY500 MULTICAP 50:25:25']"
TATACOFFEE,"['NIFTY MIDSMALLCAP 400', 'NIFTY SMALLCAP 250', 'NIFTY TOTAL MARKET', 'NIFTY500 MULTICAP 50:25:25']"
GMMPFAUDLR,"['NIFTY MIDSMALLCAP 400', 'NIFTY SMALLCAP 250', 'NIFTY TOTAL MARKET', 'NIFTY500 MULTICAP 50:25:25']"
OLECTRA,"['NIFTY MIDSMALLCAP 400', 'NIFTY SMALLCAP 250', 'NIFTY TOTAL MARKET', 'NIFTY500 MULTICAP 50:25:25']"
MOTILALOFS,"['NIFTY MIDSMALLCAP 400', 'NIFTY SMALLCAP 250', 'NIFTY TOTAL MARKET', 'NIFTY500 MULTICAP 50:25:25']"
KEI,"['NIFTY MIDSMALLCAP 400', 'NIFTY SMALLCAP 100', 'NIFTY SMALLCAP 250', 'NIFTY TOTAL MARKET', 'NIFTY500 MULTICAP 50:25:25']"
CARBORUNIV,"['NIFTY MIDSMALLCAP 400', 'NIFTY SMALLCAP 100', 'NIFTY SMALLCAP 250', 'NIFTY TOTAL MARKET', 'NIFTY500 MULTICAP 50:25:25']"
WOCKPHARMA,"['NIFTY MIDSMALLCAP 400', 'NIFTY SMALLCAP 250', 'NIFTY TOTAL MARKET', 'NIFTY500 MULTICAP 50:25:25']"
KRBL,"['NIFTY MIDSMALLCAP 400', 'NIFTY SMALLCAP 250', 'NIFTY TOTAL MARKET', 'NIFTY500 MULTICAP 50:25:25']"
LXCHEM,"['NIFTY MIDSMALLCAP 400', 'NIFTY SMALLCAP 100', 'NIFTY SMALLCAP 250', 'NIFTY SMALLCAP 50', 'NIFTY TOTAL MARKET', 'NIFTY500 MULTICAP 50:25:25']"
INTELLECT,"['NIFTY MIDSMALLCAP 400', 'NIFTY SMALLCAP 100', 'NIFTY SMALLCAP 250', 'NIFTY SMALLCAP 50', 'NIFTY TOTAL MARKET', 'NIFTY500 MULTICAP 50:25:25']"
BDL,"['NIFTY MIDSMALLCAP 400', 'NIFTY SMALLCAP 100', 'NIFTY SMALLCAP 250', 'NIFTY SMALLCAP 50', 'NIFTY TOTAL MARKET', 'NIFTY500 MULTICAP 50:25:25']"
UFLEX,"['NIFTY MIDSMALLCAP 400', 'NIFTY SMALLCAP 250', 'NIFTY TOTAL MARKET', 'NIFTY500 MULTICAP 50:25:25']"
AETHER,"['NIFTY MIDSMALLCAP 400', 'NIFTY SMALLCAP 100', 'NIFTY SMALLCAP 250', 'NIFTY TOTAL MARKET', 'NIFTY500 MULTICAP 50:25:25']"
PRIVISCL,"['NIFTY MIDSMALLCAP 400', 'NIFTY SMALLCAP 250', 'NIFTY TOTAL MARKET', 'NIFTY500 MULTICAP 50:25:25']"
JUSTDIAL,"['NIFTY MIDSMALLCAP 400', 'NIFTY SMALLCAP 100', 'NIFTY SMALLCAP 250', 'NIFTY TOTAL MARKET', 'NIFTY500 MULTICAP 50:25:25']"
GPPL,"['NIFTY MIDSMALLCAP 400', 'NIFTY SMALLCAP 250', 'NIFTY TOTAL MARKET', 'NIFTY500 MULTICAP 50:25:25']"
GOCOLORS,"['NIFTY MIDSMALLCAP 400', 'NIFTY SMALLCAP 250', 'NIFTY TOTAL MARKET', 'NIFTY500 MULTICAP 50:25:25']"
JBCHEPHARM,"['NIFTY MIDSMALLCAP 400', 'NIFTY SMALLCAP 100', 'NIFTY SMALLCAP 250', 'NIFTY SMALLCAP 50', 'NIFTY TOTAL MARKET', 'NIFTY500 MULTICAP 50:25:25']"
SPARC,"['NIFTY MIDSMALLCAP 400', 'NIFTY SMALLCAP 250', 'NIFTY TOTAL MARKET', 'NIFTY500 MULTICAP 50:25:25']"
RITES,"['NIFTY MIDSMALLCAP 400', 'NIFTY SMALLCAP 250', 'NIFTY TOTAL MARKET', 'NIFTY500 MULTICAP 50:25:25']"
POWERINDIA,"['NIFTY MIDSMALLCAP 400', 'NIFTY SMALLCAP 250', 'NIFTY TOTAL MARKET', 'NIFTY500 MULTICAP 50:25:25']"
JKPAPER,"['NIFTY MIDSMALLCAP 400', 'NIFTY SMALLCAP 250', 'NIFTY TOTAL MARKET', 'NIFTY500 MULTICAP 50:25:25']"
TATAINVEST,"['NIFTY MIDSMALLCAP 400', 'NIFTY SMALLCAP 250', 'NIFTY TOTAL MARKET', 'NIFTY500 MULTICAP 50:25:25']"
SHARDACROP,"['NIFTY MIDSMALLCAP 400', 'NIFTY SMALLCAP 250', 'NIFTY TOTAL MARKET', 'NIFTY500 MULTICAP 50:25:25']"
THYROCARE,"['NIFTY MIDSMALLCAP 400', 'NIFTY SMALLCAP 250', 'NIFTY TOTAL MARKET', 'NIFTY500 MULTICAP 50:25:25']"
VMART,"['NIFTY MIDSMALLCAP 400', 'NIFTY SMALLCAP 250', 'NIFTY TOTAL MARKET', 'NIFTY500 MULTICAP 50:25:25']"
CHOLAHLDNG,"['NIFTY MIDSMALLCAP 400', 'NIFTY SMALLCAP 250', 'NIFTY TOTAL MARKET', 'NIFTY500 MULTICAP 50:25:25']"
STLTECH,"['NIFTY MIDSMALLCAP 400', 'NIFTY SMALLCAP 100', 'NIFTY SMALLCAP 250', 'NIFTY SMALLCAP 50', 'NIFTY TOTAL MARKET', 'NIFTY500 MULTICAP 50:25:25']"
NH,"['NIFTY MIDSMALLCAP 400', 'NIFTY SMALLCAP 250', 'NIFTY TOTAL MARKET', 'NIFTY500 MULTICAP 50:25:25']"
RHIM,"['NIFTY MIDSMALLCAP 400', 'NIFTY SMALLCAP 250', 'NIFTY TOTAL MARKET', 'NIFTY500 MULTICAP 50:25:25']"
MASTEK,"['NIFTY MIDSMALLCAP 400', 'NIFTY SMALLCAP 100', 'NIFTY SMALLCAP 250', 'NIFTY TOTAL MARKET', 'NIFTY500 MULTICAP 50:25:25']"
CGCL,"['NIFTY MIDSMALLCAP 400', 'NIFTY SMALLCAP 250', 'NIFTY TOTAL MARKET', 'NIFTY500 MULTICAP 50:25:25']"
METROBRAND,"['NIFTY MIDSMALLCAP 400', 'NIFTY SMALLCAP 100', 'NIFTY SMALLCAP 250', 'NIFTY SMALLCAP 50', 'NIFTY TOTAL MARKET', 'NIFTY500 MULTICAP 50:25:25']"
GODFRYPHLP,"['NIFTY MIDSMALLCAP 400', 'NIFTY SMALLCAP 250', 'NIFTY TOTAL MARKET', 'NIFTY500 MULTICAP 50:25:25']"
ASAHIINDIA,"['NIFTY MIDSMALLCAP 400', 'NIFTY SMALLCAP 250', 'NIFTY TOTAL MARKET', 'NIFTY500 MULTICAP 50:25:25']"
JUBLPHARMA,"['NIFTY MIDSMALLCAP 400', 'NIFTY SMALLCAP 250', 'NIFTY TOTAL MARKET', 'NIFTY500 MULTICAP 50:25:25']"
CCL,"['NIFTY MIDSMALLCAP 400', 'NIFTY SMALLCAP 250', 'NIFTY TOTAL MARKET', 'NIFTY500 MULTICAP 50:25:25']"
POLYMED,"['NIFTY MIDSMALLCAP 400', 'NIFTY SMALLCAP 250', 'NIFTY TOTAL MARKET', 'NIFTY500 MULTICAP 50:25:25']"
RCF,"['NIFTY MIDSMALLCAP 400', 'NIFTY SMALLCAP 250', 'NIFTY TOTAL MARKET', 'NIFTY500 MULTICAP 50:25:25']"
CAMPUS,"['NIFTY MIDSMALLCAP 400', 'NIFTY SMALLCAP 100', 'NIFTY SMALLCAP 250', 'NIFTY SMALLCAP 50', 'NIFTY TOTAL MARKET', 'NIFTY500 MULTICAP 50:25:25']"
MAHLIFE,"['NIFTY MIDSMALLCAP 400', 'NIFTY SMALLCAP 250', 'NIFTY TOTAL MARKET', 'NIFTY500 MULTICAP 50:25:25']"
TEAMLEASE,"['NIFTY MIDSMALLCAP 400', 'NIFTY SMALLCAP 250', 'NIFTY TOTAL MARKET', 'NIFTY500 MULTICAP 50:25:25']"
WESTLIFE,"['NIFTY MIDSMALLCAP 400', 'NIFTY SMALLCAP 250', 'NIFTY TOTAL MARKET', 'NIFTY500 MULTICAP 50:25:25']"
COCHINSHIP,"['NIFTY MIDSMALLCAP 400', 'NIFTY SMALLCAP 250', 'NIFTY TOTAL MARKET', 'NIFTY500 MULTICAP 50:25:25']"
FACT,"['NIFTY MIDSMALLCAP 400', 'NIFTY SMALLCAP 250', 'NIFTY TOTAL MARKET', 'NIFTY500 MULTICAP 50:25:25']"
IIFLWAM,"['NIFTY MIDSMALLCAP 400', 'NIFTY SMALLCAP 250', 'NIFTY TOTAL MARKET', 'NIFTY500 MULTICAP 50:25:25']"
MAZDOCK,"['NIFTY MIDSMALLCAP 400', 'NIFTY SMALLCAP 250', 'NIFTY TOTAL MARKET', 'NIFTY500 MULTICAP 50:25:25']"
INDOCO,"['NIFTY MIDSMALLCAP 400', 'NIFTY SMALLCAP 250', 'NIFTY TOTAL MARKET', 'NIFTY500 MULTICAP 50:25:25']"
ELGIEQUIP,"['NIFTY MIDSMALLCAP 400', 'NIFTY SMALLCAP 100', 'NIFTY SMALLCAP 250', 'NIFTY TOTAL MARKET', 'NIFTY500 MULTICAP 50:25:25']"
EASEMYTRIP,"['NIFTY MIDSMALLCAP 400', 'NIFTY SMALLCAP 100', 'NIFTY SMALLCAP 250', 'NIFTY TOTAL MARKET', 'NIFTY500 MULTICAP 50:25:25']"
UCOBANK,['NIFTY PSU BANK']
PSB,['NIFTY PSU BANK']
TATAMTRDVR,"['NIFTY TOTAL MARKET', 'NIFTY500 MULTICAP 50:25:25']"
